"New_name","Old_name"
1,"0.00000000000000000000000"
2,"0.00000000000000001071189"
3,"0.00000000000000001085056"
4,"0.00000000000000001098464"
5,"0.00000000000000001104732"
6,"0.00000000000000001109624"
7,"0.00000000000000001132277"
8,"0.00000000000000001134518"
9,"0.00000000000000001217029"
10,"0.00000000000000001219270"
11,"0.00000000000000001271571"
12,"0.00000000000000001276407"
13,"0.00000000000000001376285"
14,"0.00000000000000001516580"
15,"0.00000000000000088817842"
16,"0.00000000000000177635684"
17,"0.00000000000000222044605"
18,"0.00000000000000242857750"
19,"0.00000000000000244249065"
20,"0.00000000000000255351296"
21,"0.00000000000000266453526"
22,"0.00000000000000310862447"
23,"0.00000000000000355271368"
24,"0.00000000000000444089210"
25,"0.00000000000000483431320"
26,"0.00000000000000484527470"
27,"0.00000000000000484556089"
28,"0.00000000000000484580983"
29,"0.00000000000000488498131"
30,"0.00000000000000510702591"
31,"0.00000000000000532907052"
32,"0.00000000000000621724894"
33,"0.00000000000000710542736"
34,"0.00000000000000724998141"
35,"0.00000000000000726212430"
36,"0.00000000000000726246672"
37,"0.00000000000000726250703"
38,"0.00000000000000726301974"
39,"0.00000000000000726304215"
40,"0.00000000000000732747196"
41,"0.00000000000000766053887"
42,"0.00000000000000777156117"
43,"0.00000000000000799360578"
44,"0.00000000000000967977986"
45,"0.00000000000000968027448"
46,"0.00000000000000976996262"
47,"0.00000000000001021405183"
48,"0.00000000000001065814104"
49,"0.00000000000001209656654"
50,"0.00000000000001209701218"
51,"0.00000000000001209702360"
52,"0.00000000000001209714627"
53,"0.00000000000001209750680"
54,"0.00000000000001243449788"
55,"0.00000000000001332267630"
56,"0.00000000000001421085472"
57,"0.00000000000001451414128"
58,"0.00000000000001451449020"
59,"0.00000000000001451454212"
60,"0.00000000000001532107774"
61,"0.00000000000001598721155"
62,"0.00000000000001693070244"
63,"0.00000000000001693194904"
64,"0.00000000000001776356839"
65,"0.00000000000001865174681"
66,"0.00000000000002131628207"
67,"0.00000000000002398081733"
68,"0.00000000000002486899575"
69,"0.00000000000002664535259"
70,"0.00000000000003197442311"
71,"0.00000000000003463895837"
72,"0.00000000000044497738827"
73,"0.00000000000044675374511"
74,"0.00000000000044764192353"
75,"0.00000000000044853010195"
76,"0.00000000000044941828037"
77,"0.00000000000045208281563"
78,"0.00000000000078337336618"
79,"0.00000000000078603790143"
80,"0.00000000000078781425827"
81,"0.00000000000081090689719"
82,"0.00000000000081179507561"
83,"0.00000000000081268325403"
84,"0.00000000000081357143245"
85,"0.00000000000081445961087"
86,"0.00000000000081534778928"
87,"0.98968776513652834125878"
88,"0.98968776883831832691385"
89,"0.98969162139178612491719"
90,"0.98969312673306930605577"
91,"0.98969398941681774317658"
92,"0.98969398941682551473775"
93,"0.98969497788461668896787"
94,"0.98969497788461679999017"
95,"0.98969497788462379439522"
96,"0.98970017730420023482907"
97,"0.98970107164068821248293"
98,"0.98970137866492358114101"
99,"0.98970141639897191154773"
100,"0.98970141639897724061825"
101,"0.98970141639897990515351"
102,"0.98970141639899034124994"
103,"0.98970272991633478909534"
104,"0.98970342386639398313264"
105,"0.98970400495246835248508"
106,"0.98970400495247101702034"
107,"0.98970415470016437353706"
108,"0.98970415470016703807232"
109,"0.98970415470016914749607"
110,"0.98970548589078877199654"
111,"0.98970548589078966017496"
112,"0.98970548589079143653180"
113,"0.98970551505088710797509"
114,"0.98970741106539394937869"
115,"0.98970741106539406040099"
116,"0.98970741106539894538230"
117,"0.98970741106539916742690"
118,"0.98970741106540127685065"
119,"0.98970741106540360831900"
120,"0.98970741106540427445282"
121,"0.98970741106540838227801"
122,"0.98970741106541126885787"
123,"0.98971227629913016698993"
124,"0.98971339048643169888919"
125,"0.98971572121365269936177"
126,"0.98971632418602784042605"
127,"0.98971632418603050496131"
128,"0.98971632418603583403183"
129,"0.98971632418603849856709"
130,"0.98971644828700622298356"
131,"0.98971705426917688797062"
132,"0.98971753975957721394252"
133,"0.98971753975958298710225"
134,"0.98971834470901853819669"
135,"0.98971834470902120273195"
136,"0.98971834470902386726721"
137,"0.98971834470902653180246"
138,"0.98971987861344867809521"
139,"0.98972474780678432182413"
140,"0.98972632703253182739900"
141,"0.98972672694632013445926"
142,"0.98972693359042374083856"
143,"0.98972698743981979419004"
144,"0.98972698743982778779582"
145,"0.98972698743983045233108"
146,"0.98972698743983844593686"
147,"0.98972954952595948441285"
148,"0.98972954952596214894811"
149,"0.98972980091437978700242"
150,"0.98972980091438511607294"
151,"0.98972980878816851912916"
152,"0.98972980878817118366442"
153,"0.98972980878817384819968"
154,"0.98972980878818450634071"
155,"0.98972989795522359202096"
156,"0.98972989795522581246701"
157,"0.98972989795522847700227"
158,"0.98972989795523114153752"
159,"0.98972989795523380607278"
160,"0.98972989795523647060804"
161,"0.98972989795523913514330"
162,"0.98972989795524179967856"
163,"0.98972989795524446421382"
164,"0.98972989795524712874908"
165,"0.98972989795524979328434"
166,"0.98973006312360212177737"
167,"0.98973014916337564983451"
168,"0.98973082451573324291871"
169,"0.98973082451574345697054"
170,"0.98973282687638675092501"
171,"0.98973282687639230204013"
172,"0.98973853780672094160309"
173,"0.98973853780672449431677"
174,"0.98973853780672627067361"
175,"0.98973999828238934384217"
176,"0.98973999828239200837743"
177,"0.98973999828239556109111"
178,"0.98973999828240000198321"
179,"0.98974135943946617288702"
180,"0.98974135943946883742228"
181,"0.98974135943946972560070"
182,"0.98974135943947416649280"
183,"0.98974135943947505467122"
184,"0.98974135943947683102806"
185,"0.98974135943947949556332"
186,"0.98974135943948038374174"
187,"0.98974135943948216009858"
188,"0.98974135943948304827700"
189,"0.98974135943948482463384"
190,"0.98974135943948571281226"
191,"0.98974135943948748916910"
192,"0.98974164489742122441385"
193,"0.98974164489742388894911"
194,"0.98974164489742921801962"
195,"0.98974164489743188255488"
196,"0.98974246145733513202458"
197,"0.98974246145733779655984"
198,"0.98974246145734046109510"
199,"0.98974246145734312563036"
200,"0.98974246145734579016562"
201,"0.98974246145735111923614"
202,"0.98974275310555093199127"
203,"0.98975169707370369565069"
204,"0.98975169707371435379173"
205,"0.98975169707371968286225"
206,"0.98975292217229782210097"
207,"0.98975423704422382797929"
208,"0.98975423704422471615771"
209,"0.98975467653845061732909"
210,"0.98975490393171794423210"
211,"0.98975540259649807950382"
212,"0.98975632814119940405817"
213,"0.98975657648897019669221"
214,"0.98975699296106700586506"
215,"0.98975699296108299307662"
216,"0.98976470230252910909030"
217,"0.98976470230253621451766"
218,"0.98976470230253887905292"
219,"0.98976684430269479264553"
220,"0.98976706968857008916984"
221,"0.98976929431315241458833"
222,"0.98976929431315507912359"
223,"0.98976929431316040819411"
224,"0.98976929431316573726463"
225,"0.98977684464182402734878"
226,"0.98977738733017162076067"
227,"0.98977807358522440495108"
228,"0.98978109590483764890223"
229,"0.98978241013841739004420"
230,"0.98978363168055094600817"
231,"0.98979219552469821508112"
232,"0.98979219552471064957899"
233,"0.98979672325651790742995"
234,"0.98980814311618403600335"
235,"0.98980971538426398836918"
236,"0.98980971538426754108286"
237,"0.98981638894317836019354"
238,"0.98982956935454158298171"
239,"0.98983028614169987768889"
240,"0.98983154126792527449652"
241,"0.98983317579254492812879"
242,"0.98983855992365565867885"
243,"0.98984469031519761728077"
244,"0.98984480300181232337309"
245,"0.98984480300181765244361"
246,"0.98984615736133030328148"
247,"0.98984698442597163214884"
248,"0.98984701685971154816457"
249,"0.98985487605024413682031"
250,"0.98985750648141834773241"
251,"0.98985750648142367680293"
252,"0.98985750648142634133819"
253,"0.98985831099829946211344"
254,"0.98985831099830479118395"
255,"0.98985831099830745571921"
256,"0.98985831099831012025447"
257,"0.98985831099831278478973"
258,"0.98985831099831544932499"
259,"0.98985845090984359018194"
260,"0.98985884294204673494733"
261,"0.98985884294204939948258"
262,"0.98985884294205206401784"
263,"0.98985902560118077531115"
264,"0.98986100811962529633092"
265,"0.98986124958325383271784"
266,"0.98986158479645247609824"
267,"0.98986158479645602881192"
268,"0.98986221540352303804866"
269,"0.98986221540352836711918"
270,"0.98986482933931840832997"
271,"0.98986482933933150896166"
272,"0.98986560043363125416249"
273,"0.98986560043363358563084"
274,"0.98986654961445297296052"
275,"0.98986654961445630362959"
276,"0.98986654961446052247709"
277,"0.98986654961446285394544"
278,"0.98986654961447040346201"
279,"0.98986854416978786730397"
280,"0.98986854416979053183923"
281,"0.98986854416979319637448"
282,"0.98986864320500078662235"
283,"0.98986864320500878022813"
284,"0.98986864320501144476339"
285,"0.98986903890038402398233"
286,"0.98986991745112362650616"
287,"0.98986991745113162011194"
288,"0.98986991745114050189613"
289,"0.98987038980349151273685"
290,"0.98987115128788394358139"
291,"0.98987115128788927265191"
292,"0.98987115128789016083033"
293,"0.98987115128789548990085"
294,"0.98987438915256298344048"
295,"0.98987472953076727222310"
296,"0.98987673034295475815725"
297,"0.98987786528852961254188"
298,"0.98987786528853227707714"
299,"0.98987786528853494161240"
300,"0.98987786528854027068292"
301,"0.98987893682344019197217"
302,"0.98988036447430260977853"
303,"0.98988099358333858646120"
304,"0.98988099358334125099645"
305,"0.98988147527938874503661"
306,"0.98988147527939140957187"
307,"0.98988147527939673864239"
308,"0.98988147527939940317765"
309,"0.98988318011694875764306"
310,"0.98988319983005812474630"
311,"0.98988319983005901292472"
312,"0.98988462511479902161682"
313,"0.98988467840340987891068"
314,"0.98988467840341254344594"
315,"0.98988708467041863769964"
316,"0.98989033792763825303496"
317,"0.98989033792764624664073"
318,"0.98989033792764891117599"
319,"0.98989033792765424024651"
320,"0.98989033792765690478177"
321,"0.98989160389121577665605"
322,"0.98989195946998087549673"
323,"0.98989216389507106441670"
324,"0.98989378400431693449946"
325,"0.98989412657690856178760"
326,"0.98989622434596924449579"
327,"0.98989622434597457356631"
328,"0.98989693458329774955473"
329,"0.98989854244089414692098"
330,"0.98989854244090391688360"
331,"0.98990074739280053961465"
332,"0.98990159926085752317704"
333,"0.98990159926085929953388"
334,"0.98990159926086285224756"
335,"0.98990159926086551678281"
336,"0.98990159926087084585333"
337,"0.98990159926087351038859"
338,"0.98990159926087617492385"
339,"0.98990159926087883945911"
340,"0.98990260555890152716074"
341,"0.98990260555890419169600"
342,"0.98990352135416070922247"
343,"0.98990352135417136736351"
344,"0.98990352135417403189876"
345,"0.98990352135417669643402"
346,"0.98990352135417936096928"
347,"0.98990368481679169576637"
348,"0.98990807758732035637195"
349,"0.98991104128918028237649"
350,"0.98991115456373890424402"
351,"0.98991146707139687777044"
352,"0.98991222495966291194947"
353,"0.98991307354406021801196"
354,"0.98991307354406821161774"
355,"0.98991499041648811640925"
356,"0.98991525336832353332284"
357,"0.98991631696472826007493"
358,"0.98991631696473270096703"
359,"0.98991685390322103899052"
360,"0.98991802587766741794439"
361,"0.98991853965229736900255"
362,"0.98991975251375308175739"
363,"0.98992706669615770920245"
364,"0.98993112115880688151037"
365,"0.98993455446191447322235"
366,"0.98993526190733405201172"
367,"0.98993867336738006201813"
368,"0.98993867336738361473181"
369,"0.98994228554700924860299"
370,"0.98995069656913070588189"
371,"0.98995335428578812297928"
372,"0.98995335428579167569296"
373,"0.98995743805775315848905"
374,"0.98995921970306799408945"
375,"0.98997060037893014339261"
376,"0.99047340772056635671561"
377,"0.99053044990938676761516"
378,"0.99053127549733055445813"
379,"0.99054891694646718391937"
380,"0.99055862504725844530640"
381,"0.99055862504726110984166"
382,"0.99056107795501979751407"
383,"0.99056107795503045565511"
384,"0.99057375259975444237170"
385,"0.99060097000199576200430"
386,"0.99069892026081673996885"
387,"0.99070602605972002407952"
388,"0.99070863726319835507184"
389,"0.99070863726320634867761"
390,"0.99072266845227519027617"
391,"0.99073461789917249831205"
392,"0.99083973083988674535050"
393,"0.99090015485440441356246"
394,"0.99110631571334928402450"
395,"0.99112457475446280596998"
396,"0.99112502157886539499998"
397,"0.99115127108661127408595"
398,"0.99115213752165143290540"
399,"0.99116203862204699248650"
400,"0.99118007757453963080252"
401,"0.99521637948019248121057"
402,"0.99521637948019758823648"
403,"0.99522064361917017549786"
404,"0.99522326746143452425031"
405,"0.99522362938124020459441"
406,"0.99522391252074182688148"
407,"0.99522443741633104252742"
408,"0.99522684740072531184296"
409,"0.99522840835786752222702"
410,"0.99522840835787063085149"
411,"0.99522840835787107494070"
412,"0.99523023835835089379032"
413,"0.99523697125694976506338"
414,"0.99523773175752294761764"
415,"0.99523857995195186276760"
416,"0.99523944414486553711185"
417,"0.99523969871614514914882"
418,"0.99523969871615058924164"
419,"0.99523969871615625137906"
420,"0.99523969871616158044958"
421,"0.99524136931223328161877"
422,"0.99524145083914206111331"
423,"0.99524217487963295702968"
424,"0.99524217487963551054264"
425,"0.99524217487964028450165"
426,"0.99524217487964039552395"
427,"0.99524217487964272699230"
428,"0.99524232374114340871074"
429,"0.99524896056379752451448"
430,"0.99524929360244840381711"
431,"0.99524961870934003371758"
432,"0.99525079538594063421897"
433,"0.99525079538594596328949"
434,"0.99525079538594862782475"
435,"0.99525170464806400616453"
436,"0.99525187256186153916815"
437,"0.99525227798796045419749"
438,"0.99525283741674464010885"
439,"0.99525283741675529824988"
440,"0.99525329713987575885881"
441,"0.99525329713988375246458"
442,"0.99525384394097793361311"
443,"0.99525398070785264792448"
444,"0.99525629256417857959605"
445,"0.99526072563345557853154"
446,"0.99526072563345913124522"
447,"0.99526133902712743406482"
448,"0.99526244259382679047121"
449,"0.99526244259383211954173"
450,"0.99526244259383478407699"
451,"0.99526290981081455555568"
452,"0.99526290981081722009094"
453,"0.99526290981081988462620"
454,"0.99526290981082254916146"
455,"0.99526290981082787823198"
456,"0.99526432680250120910159"
457,"0.99526432680250387363685"
458,"0.99526478647549598832711"
459,"0.99526487538771712948460"
460,"0.99526487538771979401986"
461,"0.99526487538772245855512"
462,"0.99526525721334024865428"
463,"0.99526525721334202501112"
464,"0.99526525721334291318954"
465,"0.99526531474972301793969"
466,"0.99526564967960950980341"
467,"0.99526986007494855357436"
468,"0.99527232117755737306197"
469,"0.99527247382019545796084"
470,"0.99527247382019812249609"
471,"0.99527247382020078703135"
472,"0.99527247382020345156661"
473,"0.99527558221355416634424"
474,"0.99527558221355683087950"
475,"0.99527581302161638454606"
476,"0.99527599527883925389915"
477,"0.99527599527884458296967"
478,"0.99527599527884724750493"
479,"0.99527599527884991204019"
480,"0.99527599527885257657545"
481,"0.99527599527885524111070"
482,"0.99527599527885790564596"
483,"0.99527599527886057018122"
484,"0.99527643420585754086005"
485,"0.99527643420586109357373"
486,"0.99527792535073000834700"
487,"0.99527816997285789568650"
488,"0.99527816997286322475702"
489,"0.99527816997286855382754"
490,"0.99527816997287121836280"
491,"0.99527816997287921196857"
492,"0.99527844521348374229319"
493,"0.99527844521348640682845"
494,"0.99527844521349173589897"
495,"0.99527844521349440043423"
496,"0.99528012293562806434011"
497,"0.99528094185589299769390"
498,"0.99528241965210817454590"
499,"0.99528602880689565068906"
500,"0.99528698309543806033162"
501,"0.99528706865965244077188"
502,"0.99528858890589155805628"
503,"0.99528889139054044221666"
504,"0.99528918941379096452238"
505,"0.99528918941379362905764"
506,"0.99528918941379629359290"
507,"0.99528918941379895812815"
508,"0.99528918941380162266341"
509,"0.99528918941380961626919"
510,"0.99529055219957207611969"
511,"0.99529126937194423163646"
512,"0.99529126937194511981488"
513,"0.99529126937194689617172"
514,"0.99529126937194778435014"
515,"0.99529126937195488977750"
516,"0.99529305554066738181973"
517,"0.99529305554067803996077"
518,"0.99529305554068070449603"
519,"0.99529809750019193614889"
520,"0.99529848402048060052039"
521,"0.99530005612062311115551"
522,"0.99530066684167639579073"
523,"0.99530478898796292952511"
524,"0.99530659990923719959710"
525,"0.99530760117906158512824"
526,"0.99530931496143892900363"
527,"0.99531189455263902043924"
528,"0.99531270959408946197300"
529,"0.99531282354837280479387"
530,"0.99531282354837635750755"
531,"0.99531282354838346293491"
532,"0.99531585821847201600576"
533,"0.99531585821847556871944"
534,"0.99531642070130210697698"
535,"0.99531677771896909234783"
536,"0.99531774094078784287376"
537,"0.99531824301428972745498"
538,"0.99531939027916482842784"
539,"0.99532495168325496592843"
540,"0.99532620300596708062812"
541,"0.99532683647738728893728"
542,"0.99532705785286523791910"
543,"0.99532712404363454794520"
544,"0.99532713990152466010386"
545,"0.99532839534541395209999"
546,"0.99532886797697806002816"
547,"0.99533065699014500182784"
548,"0.99533078564353250072827"
549,"0.99533294588412246639564"
550,"0.99533310051228252035571"
551,"0.99533337249599984630777"
552,"0.99533469952916764356132"
553,"0.99533619419931973482107"
554,"0.99533893861420885684765"
555,"0.99534520869186415836793"
556,"0.99535558864812490043050"
557,"0.99536441944747799936977"
558,"0.99536579448731732355782"
559,"0.99536805651991411281188"
560,"0.99536876216594905031343"
561,"0.99536953025999008737301"
562,"0.99537151389545919233370"
563,"0.99537151389546407731501"
564,"0.99537177235377072292977"
565,"0.99538014225118587319230"
566,"0.99538086788144575223214"
567,"0.99538221976996954509787"
568,"0.99538276379677237404309"
569,"0.99538335538132372004583"
570,"0.99538501189059935825298"
571,"0.99539291626422699010845"
572,"0.99539291626423676007107"
573,"0.99539339273213833791942"
574,"0.99539350312162744316424"
575,"0.99539589902785508002125"
576,"0.99539737128934391297008"
577,"0.99539771695861034572772"
578,"0.99539914762401848769002"
579,"0.99540012736646810154184"
580,"0.99540187959623782631979"
581,"0.99540438317879065266425"
582,"0.99540440162345300567637"
583,"0.99540440162345777963537"
584,"0.99540516491634711826464"
585,"0.99540516491634978279990"
586,"0.99540516491635511187042"
587,"0.99540598791108614307177"
588,"0.99540631926083822378359"
589,"0.99540729882360956537468"
590,"0.99540745368231231537948"
591,"0.99540745368232297352051"
592,"0.99540747460511891375745"
593,"0.99540803957029533322043"
594,"0.99540966400434705008138"
595,"0.99540987332386965391606"
596,"0.99541172917439268985618"
597,"0.99541218774717510342498"
598,"0.99541394101551783357706"
599,"0.99541558669188745511747"
600,"0.99541558669189544872324"
601,"0.99541598650703733142109"
602,"0.99541598650704532502687"
603,"0.99541627125667542230758"
604,"0.99541653476179003945390"
605,"0.99541653476179536852442"
606,"0.99541657409662498423586"
607,"0.99541670477405830297357"
608,"0.99541845005605789076242"
609,"0.99541978331458125239806"
610,"0.99541978331458391693332"
611,"0.99542086480685654237277"
612,"0.99542086480686453597855"
613,"0.99542412793529955195027"
614,"0.99542412793530488102078"
615,"0.99542573163383307743857"
616,"0.99542680188406063024331"
617,"0.99542693380001878722396"
618,"0.99542825916486865622801"
619,"0.99542910341768875426283"
621,"0.99543059091906638258251"
622,"0.99543075953127191368708"
623,"0.99543075953127457822234"
624,"0.99543075953127990729286"
625,"0.99543141721651373643454"
626,"0.99543171767340332678486"
627,"0.99543221197268039190931"
628,"0.99543226643304905110199"
629,"0.99543373488460495934760"
630,"0.99543417793084465472475"
631,"0.99543541620344555553856"
632,"0.99543550956776094551515"
633,"0.99543555997023691617187"
634,"0.99543555997023958070713"
635,"0.99543555997024224524239"
636,"0.99543578827754508608905"
637,"0.99543656240391165113124"
638,"0.99543794573307486928115"
639,"0.99543814252240014894824"
640,"0.99543839661559729847795"
641,"0.99543839661559996301321"
642,"0.99543839661560351572689"
643,"0.99543839661560529208373"
644,"0.99543839661560795661899"
645,"0.99544062221619444841281"
646,"0.99544062221619977748333"
647,"0.99544064488711825333667"
648,"0.99544064488713424054822"
649,"0.99544275773093016113080"
650,"0.99544305373942876258297"
651,"0.99544328421750361002296"
652,"0.99544343147499159130120"
653,"0.99544818323799333370516"
654,"0.99544858489725651651270"
655,"0.99544955059043882528158"
656,"0.99544955059044148981684"
657,"0.99544955059044415435210"
658,"0.99544955059044504253052"
659,"0.99545002619218436734627"
660,"0.99545002619218792005995"
661,"0.99545153086217297300209"
662,"0.99545368321538418854288"
663,"0.99545395343147724531718"
664,"0.99545403741487525905995"
665,"0.99545403741488325266573"
666,"0.99545514255040412621156"
667,"0.99545519475438393186550"
668,"0.99545546305532628394985"
669,"0.99545670399585262089204"
670,"0.99546326437170185030823"
671,"0.99546330638262237044955"
672,"0.99546661850538953331125"
673,"0.99546733098259920780038"
674,"0.99547459225120160652978"
675,"0.99547764365399427077818"
676,"0.99548018072268806832881"
677,"0.99548830109018915379693"
678,"0.99549124873855809880752"
679,"0.99549365820176216601567"
680,"0.99549559108535812246288"
681,"0.99549559108536067597583"
682,"0.99550272569670728017854"
683,"0.99550822193760435396825"
684,"0.99550872774435816836558"
685,"0.99551100930481695172602"
686,"0.99551215369237588959095"
687,"0.99551353512249107780008"
688,"0.99551912295159983301573"
689,"0.99551955070819886373101"
690,"0.99552209107849698455084"
691,"0.99552707555721564602891"
692,"0.99552724013387905444006"
693,"0.99553045736778922325527"
694,"0.99553752002384598984719"
695,"0.99553851500679524377801"
696,"0.99554023824934034792022"
697,"0.99554292117664910932717"
698,"0.99554629773848635210243"
699,"0.99555016171499066679473"
700,"0.99555612390732672878357"
701,"0.99555795668293267652871"
702,"0.99556255795042325473787"
703,"0.99556285388229115440595"
704,"0.99556350957796091449836"
705,"0.99556351677340426675755"
706,"0.99556526190629224259965"
707,"0.99556553482916143593684"
708,"0.99557101056863572807742"
709,"0.99558014615091239285505"
710,"0.99558698690228730754370"
711,"0.99558902734093912556546"
712,"0.99559041715039420239464"
713,"0.99559803843182059779338"
714,"0.99560724416920454160618"
715,"0.99560841180069736822134"
716,"0.99561143650871009036507"
717,"0.99561292582198079870182"
718,"0.99561881279083053186696"
719,"0.99561972309489643606639"
720,"0.99562447442830404042979"
721,"0.99564589921328394694910"
722,"0.99565062853127006547993"
723,"0.99565841290598200430395"
724,"0.99565913775198700008673"
725,"0.99565987739844707959946"
726,"0.99566032989632835548122"
727,"0.99567782989961894912767"
728,"0.99567782989962427819819"
729,"0.99567918815842126889493"
730,"0.99568824542725931081577"
731,"0.99569102420207977743871"
732,"0.99569800002922903559011"
733,"0.99570085593074963981053"
734,"0.99570336566661232780007"
735,"0.99570384342819107104106"
736,"0.99570905915425544918662"
737,"0.99571242406352311604678"
738,"0.99571273018390549225387"
739,"0.99571273018390815678913"
740,"0.99571592491822746850971"
741,"0.99571718848160095660660"
742,"0.99574075526831240523506"
743,"0.99574336553030118324159"
744,"0.99574579977969568389540"
745,"0.99574704653262635645206"
746,"0.99575212579923277900207"
747,"0.99575930071124219011836"
748,"0.99576092769801949344810"
749,"0.99576585459171074177220"
750,"0.99576691544032058800440"
751,"0.99577353544500724069621"
752,"0.99578166332093553947402"
753,"0.99578674274260414733817"
754,"0.99579032553434132513104"
755,"0.99579295429324687916051"
756,"0.99579321647586427346255"
757,"0.99579459822717630856914"
758,"0.99579697709708803188278"
759,"0.99579702781187751092773"
760,"0.99579802024256647285938"
761,"0.99579839866474095799731"
762,"0.99580457793577537017882"
763,"0.99580638942151633585809"
764,"0.99580680755198702769349"
765,"0.99580818594167741508727"
766,"0.99580905521604279329040"
767,"0.99580906570562977009331"
768,"0.99580906570563776369909"
769,"0.99580928720028349943050"
770,"0.99581100630482222157980"
771,"0.99581120476921913819979"
772,"0.99581252004841847025318"
773,"0.99581893906551322004361"
774,"0.99581999679015353876821"
775,"0.99581999679015620330347"
776,"0.99582021304000090111685"
777,"0.99582129714063505332433"
778,"0.99582154973193315328217"
779,"0.99582157087053158051049"
780,"0.99582333264664724126192"
781,"0.99582356097926272298082"
782,"0.99582365226471258878860"
783,"0.99582365226471525332386"
784,"0.99582491799254668762842"
785,"0.99582595946788221574764"
786,"0.99582965372567189277220"
787,"0.99583272741405526318204"
788,"0.99583301290220038737289"
789,"0.99583301290220571644340"
790,"0.99583384953890874413673"
791,"0.99583393510746454069249"
792,"0.99583486627102146826473"
793,"0.99583486627103834365471"
794,"0.99583492997125766521549"
795,"0.99583492997126299428601"
796,"0.99583492997126565882127"
797,"0.99583492997127098789178"
798,"0.99583492997127365242704"
799,"0.99584034875664073638291"
800,"0.99584262186650285286760"
801,"0.99584404621651856359676"
802,"0.99584546091427306180321"
803,"0.99584546091427572633847"
804,"0.99584591985592485485768"
805,"0.99584715884451924239329"
806,"0.99584784272982851405231"
807,"0.99584784272984272490703"
808,"0.99585500021461559327918"
809,"0.99586025226246821517861"
810,"0.99586169238842714435123"
811,"0.99586541894533375796073"
812,"0.99586748625396204204208"
813,"0.99587102965749352279090"
814,"0.99587102965750418093194"
815,"0.99587168210186538530593"
816,"0.99587411027599248569686"
817,"0.99587766336707606029677"
818,"0.99588015571465948738705"
819,"0.99588210669950516518156"
820,"0.99588646641780265156285"
821,"0.99589036284880183558244"
822,"0.99591622882075014899783"
823,"0.99592083545946241684987"
824,"0.99592407391781501146966"
825,"0.99592715709038470706105"
826,"0.99592964241559833737938"
827,"0.99593670630202169036238"
828,"0.99593824730355340335564"
829,"0.99593868890561765283564"
830,"0.99593868890562031737090"
831,"0.99594258541343982926719"
832,"0.99594372269432529520827"
833,"0.99595072312016075244401"
834,"0.99595079269808195476799"
835,"0.99595085173566921810107"
836,"0.99595525582225796767943"
837,"0.99595666165290097637808"
838,"0.99596069965851885541497"
839,"0.99596229972609862102217"
840,"0.99596272398586549456923"
841,"0.99596502990927504583851"
842,"0.99597138395034878755041"
843,"0.99597147650618467196182"
844,"0.99597304864705549221071"
845,"0.99597314339187104081930"
846,"0.99597576083716177208771"
847,"0.99597593154304586704484"
848,"0.99597753338449646065555"
849,"0.99598050976518770482926"
850,"0.99598171902059284832376"
851,"0.99598267966802644934887"
852,"0.99598377764255996424936"
853,"0.99598421117039759309364"
854,"0.99598682792951720443853"
855,"0.99599424478526188408978"
856,"0.99599572778025802222146"
857,"0.99599762119396118009718"
858,"0.99599762119396384463244"
859,"0.99599823395400655101639"
860,"0.99599823395401010373007"
861,"0.99599823395402076187111"
862,"0.99600355048859512407944"
863,"0.99600804893644312443257"
864,"0.99601012238218267214052"
865,"0.99601020067130452417814"
866,"0.99601230820473318772201"
867,"0.99601441690943737228281"
868,"0.99601441690944447771017"
869,"0.99602127022598363481620"
870,"0.99602217805063286704126"
871,"0.99602975468484533649871"
872,"0.99603295229381849651418"
873,"0.99604225490861253433650"
874,"0.99604444180928819463361"
875,"0.99605259186147065975092"
876,"0.99605297691846050867071"
877,"0.99605297691846850227648"
878,"0.99606410049574023446439"
879,"0.99606938658057919688815"
880,"0.99607025618832434332717"
881,"0.99607364449439828035793"
882,"0.99608356681772214358261"
883,"0.99608524457130842577612"
884,"0.99609364396361055327134"
885,"0.99609437819897284072113"
886,"0.99610064825043398428761"
887,"0.99610352032670057553787"
888,"0.99610366217733581351013"
889,"0.99610368498749046750618"
890,"0.99610387568930391921640"
891,"0.99610672847467540691468"
892,"0.99610672847467807144994"
893,"0.99610784037640875965280"
894,"0.99611447535055219759670"
895,"0.99612283316963878831984"
896,"0.99612370325322086017650"
897,"0.99613668368769570093946"
898,"0.99614464455538609399810"
899,"0.99614865159159649010689"
900,"0.99614889720251698079778"
901,"0.99615216224286740054339"
902,"0.99615216224287450597075"
903,"0.99615393121378215113282"
904,"0.99616073022894591204590"
905,"0.99616675442840940668532"
906,"0.99617670598595964293054"
907,"0.99617839862993839972205"
908,"0.99618662145870295887562"
909,"0.99618672905929450678286"
910,"0.99619695708125099997687"
911,"0.99620384713695386835752"
912,"0.99622254996669923343688"
913,"0.99623902327625035724168"
914,"0.99625713316569186606131"
915,"0.99625967353744826482398"
916,"0.99626157728431019577897"
917,"0.99626271073745442663494"
918,"0.99627473922030684860829"
919,"0.99628134595051687227851"
920,"0.99628619743616475545878"
921,"0.99628911936393826920266"
922,"0.99628993200642579353143"
923,"0.99629169950386842202761"
924,"0.99629285542199230718552"
925,"0.99629688074186051327530"
926,"0.99631761115694050801039"
927,"0.99633788353524099790093"
928,"0.99634552246202812142428"
929,"0.99634844000815547815364"
930,"0.99634876100068225923678"
931,"0.99635788699039284921355"
932,"0.99638223115635149440550"
933,"0.99638508193100427945410"
934,"0.99641001991731847908795"
935,"0.99641969567003874086453"
936,"0.99642525564073292088096"
937,"0.99642896925903912119793"
938,"0.99644511043414718542977"
939,"0.99645263913483450579633"
940,"0.99646799807965769080198"
941,"0.99646799807966068840415"
942,"0.99647046448936915652439"
943,"0.99648347396708358836293"
944,"0.99649041820342532105315"
945,"0.99651341639438761887959"
946,"0.99654039435705854543812"
947,"0.99654317400785286107379"
948,"0.99654595948894719725786"
949,"0.99659820178650093680517"
950,"0.99662327501516356775824"
951,"0.99663277421216101004120"
952,"0.99664274886239967443657"
953,"0.99664286226355613962369"
954,"0.99664764156503604652926"
955,"0.99665325572899199357835"
956,"0.99665901095732767345226"
957,"0.99666256727524160652365"
958,"0.99666423450424979080253"
959,"0.99667100859742419061149"
960,"0.99667737661140964888773"
961,"0.99667768924550159681530"
962,"0.99668217426698113570183"
963,"0.99668522334145848162734"
964,"0.99668683265492852285661"
965,"0.99668813091344965471308"
966,"0.99669967412225179970164"
967,"0.99670033404064817261769"
968,"0.99670108184310102217296"
969,"0.99670126262786151727369"
970,"0.99670195896964308701627"
971,"0.99670275021614562760419"
972,"0.99671836298852678481808"
973,"0.99671836298852944935334"
974,"0.99672782610228338739944"
975,"0.99672890522144275138317"
976,"0.99672989710866399803990"
977,"0.99673293443252219958595"
978,"0.99673885237211834464688"
979,"0.99674070493969679773727"
980,"0.99674115025911724785601"
981,"0.99674518145432910998238"
982,"0.99676744743184997332719"
983,"0.99677043240324891826276"
984,"0.99677317272711896123383"
985,"0.99678115257052368747281"
986,"0.99678709907464568829027"
987,"0.99680791009058200558002"
988,"0.99681856031039206555988"
989,"0.99682889904271032577299"
990,"0.99683456512383106229436"
991,"0.99685285128816092381498"
992,"0.99686710290925084620994"
993,"0.99688044298369948847949"
994,"0.99688652461094484635851"
995,"0.99689549503010788100710"
996,"0.99690149341060774190737"
997,"0.99691123237462964112865"
998,"0.99691845294367631424848"
999,"0.99691845294368164331900"
1000,"0.99697722092553053840902"
1001,"0.99702544721994890153383"
1002,"0.99703028117420622322697"
1003,"0.99703345461244285985458"
1004,"0.99703598562009343453383"
1005,"0.99705065857537977791480"
1006,"0.99706836803735043872621"
1007,"0.99706836803735576779673"
1008,"0.99706836803735754415356"
1009,"0.99710506678435439908981"
1010,"0.99713576470209908109155"
1011,"0.99713928181341771050938"
1012,"0.99716667875963160838637"
1013,"0.99722222108342251090107"
1014,"0.99722948802017619129856"
1015,"0.99723169130670008541983"
1016,"0.99723169130670186177667"
1017,"0.99723861052115747583002"
1018,"0.99724487890361768194225"
1019,"0.99724792694702513173866"
1020,"0.99725468070779577089979"
1021,"0.99725644939372770636510"
1022,"0.99725769588824331179922"
1023,"0.99725984828871627740909"
1024,"0.99726586257784699540707"
1025,"0.99727030947816430739294"
1026,"0.99727172594971413843723"
1027,"0.99727406515111027829334"
1028,"0.99727584616977793530168"
1029,"0.99727632928510412391176"
1030,"0.99729625250015851989360"
1031,"0.99730074430301762777873"
1032,"0.99731181287020298498192"
1033,"0.99733390159283885623154"
1034,"0.99735431186690881588675"
1035,"0.99743806564673764825102"
1036,"0.99745338106342096295975"
1037,"0.99751427972818618172823"
1038,"0.99752308285120516728739"
1039,"0.99753039469187321230947"
1040,"0.99754075380790752092253"
1041,"0.99756472394048145702072"
1042,"0.99760977183044641236620"
1043,"0.99766268906223309897996"
1044,"0.99767455496768508993455"
1045,"0.99776368339823573450076"
1046,"0.99776604093458765021296"
1047,"0.99779518330334870945819"
1048,"0.99780886854683448206060"
1049,"0.99781661089024620281407"
1050,"0.99784808599157415187619"
1051,"0.99790931161791451842191"
1052,"0.99791854113130540326893"
1053,"0.99793947115309933337812"
1054,"0.99794875154167783648518"
1055,"0.99796433016772745361322"
1056,"0.99799284888825212647134"
1057,"0.99800414513094626300926"
1058,"0.99807859148177691110959"
1059,"0.99809476257122042852643"
1060,"0.99811772589446245973477"
1062,"0.99813755747653409855502"
1063,"0.99814751641430632389529"
1064,"0.99815527357140698683224"
1065,"0.99818125521508704878215"
1066,"0.99821965053925687527681"
1067,"0.99834215423672478806338"
1068,"0.99835370697733782918704"
1069,"0.99838497177298801688039"
1070,"0.99838932780657874133112"
1071,"0.99842324314478281266361"
1072,"0.99847521136246131234770"
1073,"0.99848463971854162224417"
1074,"0.99848904058425702601198"
1075,"0.99849603108614104485241"
1076,"0.99850709356068456656885"
1077,"0.99856903313196632154813"
1078,"0.99859491536859934512904"
1079,"0.99866780590991588439920"
1080,"0.99873524111921785362256"
1081,"0.99877552165150618179723"
1082,"0.99879124095110949355103"
1083,"0.99880187386702257157367"
1084,"0.99884857780185143383278"
1085,"0.99886571741494645237935"
1086,"0.99887633007272569329871"
1087,"0.99892020145988436041762"
1088,"0.99892726526977515533190"
1089,"0.99893177216532169637730"
1090,"0.99902893832313388600141"
1091,"0.99903790156077310058436"
1092,"0.99904624824360332979722"
1094,"0.99905893977395621163851"
1095,"0.99914517668234825720219"
1096,"0.99923940388200627182869"
1097,"0.99924106737540263623032"
1098,"0.99924367156685578450492"
1099,"0.99929969700422260903139"
1100,"0.99935456722614368629820"
1101,"0.99938322023481340750095"
1102,"0.99943188741213973003141"
1103,"0.99961969226480817951597"
1104,"0.99981011797542551633455"
1105,"0.99981290009816259356512"
1106,"0.99984181229658553036188"
1107,"0.99985934177608282169558"
1108,"0.99991116027766135943011"
1109,"0.99991342971117447291363"
1110,"0.99994828596215157290317"
1111,"1.00007517324986228146599"
1112,"1.00010635536259151479044"
1113,"1.00015239901648023135294"
1114,"1.00016526309421038831715"
1115,"1.00022654833068269653040"
1116,"1.00027676134074994251932"
1117,"1.00031201306941674999962"
1118,"1.00034534214654158290614"
1119,"1.00034802364551023146078"
1120,"1.00035049869978642789192"
1121,"1.00036070637348828427093"
1122,"1.00038679417735743015783"
1123,"1.00044137809737687661027"
1124,"1.00053265762667908944650"
1125,"1.00054479600035683972692"
1126,"1.00054597096441977299719"
1127,"1.00058114836517386692094"
1128,"1.00058824652459676940452"
1129,"1.00064334918963959708549"
1130,"1.00071507521136560114883"
1131,"1.00073734882755571717894"
1132,"1.00074154647359936376461"
1133,"1.00077667108281254115809"
1135,"1.00081296283082643583384"
1136,"1.00083233950609562512568"
1137,"1.00084971531982880321721"
1138,"1.00092438555677643030606"
1139,"1.00094999620493751990580"
1140,"1.00095845164574859254003"
1141,"1.00099427388393102944519"
1142,"1.00104610528938486879724"
1143,"1.00107821820013453972820"
1144,"1.00107821820013720426346"
1145,"1.00108952985225752030374"
1146,"1.00110420005239930674179"
1147,"1.00114278515814270065221"
1148,"1.00115982997779662255766"
1149,"1.00115988026166391478000"
1150,"1.00116416516892048349519"
1151,"1.00124171462012023781085"
1152,"1.00124573715977938093147"
1153,"1.00126974669881141366545"
1154,"1.00130474534834501554315"
1155,"1.00136644984003631009273"
1156,"1.00145798299290511579329"
1157,"1.00149242403387539468440"
1158,"1.00154107272846282228329"
1159,"1.00154480538271961620467"
1160,"1.00165809296838048680911"
1161,"1.00178838197003328147616"
1162,"1.00184397900636490419402"
1163,"1.00192234529085233418755"
1164,"1.00197192696219516960809"
1165,"1.00197232594406049344116"
1166,"1.00202479331920724092697"
1167,"1.00221613841225121177558"
1168,"1.00233293777083787290394"
1169,"1.00254545510160397725485"
1170,"1.00256169669946970657293"
1171,"1.00265626100196669767683"
1172,"1.00284888477788847183092"
1173,"1.00286807498282026784864"
1174,"1.00293083612389732905967"
1175,"1.00296704177502515875631"
1176,"1.00321994016162330254360"
1177,"1.00322839079320846877863"
1178,"1.00323404612986610828784"
1179,"1.00323736588477974152056"
1180,"1.00348111814275586795020"
1181,"1.00363114294771360590630"
1182,"1.00376090056811850814711"
1183,"1.00385755696385126078951"
1184,"1.00414223537548075171344"
1185,"1.00454230806256994412706"
1186,"1.00457296025900522096208"
1187,"1.00495023016522733172451"
1188,"1.00507938659926665536659"
1189,"1.00520367597572679585483"
1190,"1.00528274089081559594661"
1191,"1.00552086655002170800799"
1192,"1.00558677331055745796107"
1193,"1.00575885179325918983295"
1194,"1.00596494576112771568432"
1195,"1.00741800494249744701847"
1196,"1.00762708475850315537059"
1197,"1.00795646308198971752290"
1198,"1.00802258032955105448991"
1199,"1.00845952715452291670317"
1200,"1.00944634971066315998200"
1201,"1.00947229171865693331256"
1202,"1.00984231564298454486561"
1203,"1.00998111740566010041675"
1205,"1.01005179181417759082251"
1206,"1.01057109924633081732281"
1207,"1.01086895539817778200131"
1208,"1.01118151462204064472417"
1209,"1.01160194579452733520952"
1210,"1.01184448289249306895954"
1211,"1.01263361481548042064560"
1212,"1.01292295892590855643789"
1213,"1.01302469085169910556488"
1214,"1.01413816045282745292866"
1215,"1.01442994726892532497686"
1217,"1.01602135527845494067378"
1218,"1.01603168774424013065527"
1219,"1.01680710188556400197513"
1220,"1.01820810693399010915527"
1221,"1.01887364593584983651908"
1222,"1.01923642115214008185831"
1224,"1.01933911538734722768140"
1225,"1.02001745919026731712620"
1226,"1.02016401927565247831353"
1227,"1.02111962824088964296720"
1228,"1.02153708203087667527598"
1229,"1.02201946180538971731266"
1230,"1.02538498506204689419974"
1232,"1.02878154493897344678999"
1233,"1.02950392861545925171640"
1235,"1.02981769307600323770657"
1236,"1.03005202432283127222945"
1237,"1.03109918655885213212287"
1238,"1.03325844394904575729299"
1239,"1.03737497963565328262803"
1240,"1.04149428079816841474781"
1241,"1.97940830940030210172154"
1242,"1.97942575577441748357899"
1243,"1.97942575577442547718476"
1244,"1.97942575577442925194305"
1245,"1.97943025310171272224125"
1246,"1.97944104055548208975779"
1247,"1.97944606240263443197591"
1248,"1.97945935044033927141527"
1249,"1.97947055634976631921518"
1250,"1.97948924532321957059366"
1251,"1.97948924532322489966418"
1252,"1.97949305651318052667875"
1253,"1.97949669850156251271756"
1254,"1.97949704749392196845292"
1255,"1.97951639937624790377413"
1256,"1.97952436192549119375883"
1257,"1.97952500679041265563285"
1258,"1.97952628727419721599290"
1259,"1.97954077918759541176996"
1260,"1.97954360009059637803830"
1261,"1.97954667523981964194491"
1262,"1.97955442792511715488502"
1263,"1.97955442792512448235698"
1264,"1.97956152749906522103629"
1265,"1.97956542887984099365895"
1266,"1.97957070431461157333786"
1267,"1.97957301942266994387865"
1268,"1.97958538110866211212624"
1269,"1.97958685144884594109271"
1270,"1.97958927542558171808196"
1271,"1.97959176004269088444687"
1272,"1.97960480007636530075388"
1273,"1.97962566128740302673350"
1274,"1.97962641231323210888604"
1275,"1.97963514344378310738648"
1276,"1.97963868580331681101825"
1277,"1.97964013706759534017010"
1278,"1.97964281774258221702212"
1279,"1.97964502793322427720568"
1280,"1.97964651024175308791087"
1281,"1.97969114728396000657540"
1282,"1.97970715529501362084375"
1283,"1.97970920080808721053245"
1284,"1.97970920080808787666626"
1285,"1.97970975061024923036257"
1286,"1.97980420481976171487304"
1287,"1.97985728963526419477148"
1288,"1.97986661634731730963210"
1289,"1.97987158952659569877142"
1290,"1.97988190916330353275043"
1291,"1.97988366716491270835832"
1292,"1.97991134067958896025630"
1293,"1.97991134067959428932681"
1294,"1.97991270012080411433431"
1295,"1.97991270012081210794008"
1296,"1.97993367199191183658513"
1297,"1.97993367199192249472617"
1298,"1.97993726855584828427936"
1299,"1.97993811173328504438018"
1300,"1.97994527197975167531752"
1301,"1.97994768409203558690024"
1302,"1.97995786249913763299446"
1303,"1.97995786249914207388656"
1304,"1.97995885225685430697240"
1305,"1.97995885225686230057818"
1306,"1.97996348791400400557450"
1307,"1.97996371164770135209210"
1308,"1.97999037708202330065888"
1309,"1.98001478226794880299622"
1310,"1.98001921241773093385063"
1311,"1.98007164326075657534432"
1312,"1.98013728169832292635988"
1313,"1.98013728169832559089514"
1314,"1.98016418138997218889585"
1315,"1.98016503012908184899743"
1316,"1.98016564274057049743760"
1317,"1.98016653606837955692299"
1318,"1.98016808788236842175934"
1319,"1.98018765055723444667990"
1320,"1.98018934537783231064623"
1321,"1.98019239481215181264417"
1322,"1.98019373851614677306543"
1323,"1.98019489096881740053391"
1324,"1.98020219403668207291958"
1325,"1.98020482432536937267287"
1326,"1.98021350490313263748021"
1327,"1.98021350490313352565863"
1328,"1.98021350490314684833493"
1329,"1.98021397158028999996304"
1330,"1.98021772396120887549387"
1331,"1.98021885379834650109387"
1332,"1.98021885379835449469965"
1333,"1.98023192818963078565275"
1334,"1.98023315542270239575373"
1335,"1.98023618229910658428139"
1336,"1.98024208874243701217210"
1337,"1.98024208874243790035052"
1338,"1.98024520327099828875816"
1339,"1.98024992555285805906351"
1340,"1.98025393941054428381676"
1341,"1.98025906462900902482716"
1342,"1.98026019444531842239599"
1343,"1.98026019444532108693124"
1344,"1.98026019444532375146650"
1345,"1.98026270054429698319609"
1346,"1.98026333399065013196605"
1347,"1.98026571891766889343955"
1348,"1.98027541862279754525389"
1349,"1.98027856027892479318098"
1350,"1.98027856027892745771624"
1351,"1.98028257077971669986027"
1352,"1.98028312148247120916267"
1353,"1.98028331407885005432945"
1354,"1.98028331407886337700575"
1355,"1.98029634712457003331565"
1356,"1.98030815454133524156077"
1357,"1.98031447784465086670025"
1358,"1.98032049609269122925070"
1359,"1.98036236857175307335410"
1360,"1.98036727909192999952381"
1361,"1.98047125960665648669590"
1362,"1.98048114813687181623436"
1363,"1.98052784612242138706506"
1364,"1.98053396749317656144740"
1365,"1.98053737034339860656473"
1366,"1.98055578279182675771608"
1367,"1.98057688571591139492512"
1368,"1.98058288106605839828944"
1369,"1.98065260907602969098207"
1370,"1.98082300891010731902497"
1371,"1.98083202328174579065490"
1372,"1.98084825994778856994571"
1373,"1.98106890754962083889268"
1374,"1.98178481053178590087782"
1375,"1.98180394233672974024785"
1376,"1.98190983842366819089875"
1377,"1.98191179132551020813935"
1378,"1.98275451359248511273847"
1379,"1.98276905761082389290095"
1380,"1.98276905761083455104199"
1381,"1.98288463700168304804095"
1382,"1.98435441130966960798787"
1383,"1.98493616429645092225087"
1384,"1.98495585934822260654187"
1386,"1.98496125500636688698819"
1387,"1.98496125500637177196950"
1388,"1.98496125500637687899541"
1389,"1.98496125500638131988751"
1390,"1.98498241514728146484003"
1391,"1.98498521316264708858057"
1392,"1.98499554763484598041146"
1393,"1.98501694165301234562548"
1394,"1.98501694165302566830178"
1395,"1.98502366782127648292544"
1396,"1.98503373082928558090998"
1397,"1.98504080016629691485264"
1398,"1.98505236391538542051194"
1399,"1.98507900130740644328853"
1400,"1.98509076644672521894108"
1401,"1.98509421353770498797076"
1402,"1.98510517877189407442984"
1403,"1.98510662569801255017410"
1404,"1.98511124993983845143930"
1405,"1.98512367737452155580513"
1406,"1.98512367737452666283104"
1407,"1.98512367737452910532170"
1408,"1.98512367737453199190156"
1409,"1.98513719677884603598272"
1410,"1.98513832708970050511255"
1411,"1.98514985945788113852473"
1412,"1.98514985945788291488157"
1413,"1.98515759584113959945739"
1414,"1.98516155050897280531785"
1415,"1.98516818446437803835636"
1416,"1.98517407308105298113787"
1417,"1.98517407308106630381417"
1418,"1.98517467343002618207493"
1420,"1.98517759453969677707619"
1421,"1.98517860083775143920093"
1422,"1.98517970365012974554020"
1423,"1.98518135993458511023846"
1424,"1.98519342453406988369125"
1425,"1.98521076564781839834950"
1426,"1.98521467036958210172770"
1427,"1.98522604773658706278638"
1428,"1.98522609306981046017881"
1429,"1.98523917887974787888083"
1430,"1.98525169596513517689118"
1431,"1.98529277114030566764313"
1432,"1.98531080452330987995424"
1433,"1.98531085288343511763287"
1434,"1.98532674937021091920997"
1435,"1.98533300614155372443292"
1436,"1.98533531625196335568262"
1437,"1.98533715923109710388417"
1438,"1.98536975288780048742865"
1439,"1.98538623785280776701256"
1440,"1.98539222769072321028716"
1441,"1.98542389960391130188100"
1442,"1.98543967211616578794064"
1443,"1.98545318337269804942480"
1444,"1.98549898166204741301044"
1445,"1.98554119202428225321455"
1446,"1.98556825408822490430794"
1447,"1.98557514263319845326805"
1448,"1.98558682035374811647443"
1449,"1.98559715798797409291865"
1450,"1.98560339655979234407823"
1451,"1.98560975013000673428110"
1452,"1.98561028525096716634835"
1453,"1.98565423496747150977626"
1454,"1.98570679730783883343292"
1455,"1.98571298037346011255977"
1456,"1.98572772878711578670163"
1457,"1.98573096826607997655856"
1458,"1.98573244705671880794284"
1459,"1.98573515221704566258154"
1460,"1.98573834656684766741819"
1461,"1.98575184556872841312725"
1462,"1.98575189987211331299477"
1463,"1.98576205056371968282747"
1464,"1.98578056909978251098892"
1465,"1.98578313391096505924338"
1466,"1.98578580124875969659115"
1467,"1.98578965207823898708739"
1468,"1.98579006989704742736080"
1469,"1.98582326242970097496254"
1470,"1.98584325523814264613520"
1471,"1.98584769284059348137816"
1472,"1.98586096235599285364515"
1473,"1.98587262156523003397979"
1474,"1.98587540263378237170855"
1475,"1.98589384720479689150352"
1476,"1.98590813047048841966102"
1477,"1.98593086261086337884763"
1478,"1.98593812433398841932330"
1479,"1.98594823753639815322458"
1480,"1.98598609592506258891831"
1481,"1.98604932585651372534130"
1482,"1.98608887960185409582436"
1483,"1.98618570314685349842421"
1484,"1.98622389277257349604611"
1485,"1.98627096058261765065822"
1486,"1.98629813482320294326655"
1487,"1.98631530701790914861249"
1488,"1.98633853041214791801394"
1489,"1.98637816989623106067597"
1490,"1.98638715259597420370596"
1491,"1.98640619969949216994110"
1492,"1.98642210587749445949157"
1493,"1.98647720214922518522371"
1494,"1.98655001566518785161009"
1495,"1.98657648193255109703159"
1496,"1.98664155802461994682062"
1497,"1.98665736784540314374681"
1498,"1.98673393057957525797974"
1499,"1.98676550519784411719115"
1500,"1.98680927572186849516811"
1501,"1.98685564858504815077822"
1502,"1.98694366822510382064593"
1503,"1.98695587537028206526202"
1504,"1.98699283149360095279690"
1505,"1.98704936706748513941534"
1506,"1.98706438634737203585701"
1507,"1.98712020602138750291488"
1508,"1.98712383778634249509309"
1509,"1.98726096459235712643476"
1510,"1.98747399904489618904790"
1511,"1.98756769640299335577538"
1512,"1.98788272860291792554222"
1514,"1.98793036679824286494522"
1515,"1.98829904245727639988672"
1516,"1.98857883107374089348696"
1517,"1.98863374395142855632912"
1518,"1.98872643282544991905070"
1519,"1.98909698296756909385863"
1520,"1.98938077531893320326617"
1521,"1.98962059376481281702809"
1522,"1.98963053003669143592447"
1523,"1.98970743947380945826353"
1524,"1.98991052753787478479808"
1525,"1.99018448966509353681431"
1526,"1.99071586832880953465974"
1527,"1.99079636283346594893828"
1528,"1.99089705334360367317004"
1529,"1.99092238158639744938228"
1530,"1.99093766727957355300305"
1531,"1.99093766727957399709226"
1532,"1.99093801494218958225701"
1533,"1.99094206135564655291148"
1534,"1.99094206135564899540213"
1535,"1.99095974295554345445680"
1536,"1.99095974295554611899206"
1537,"1.99095986181702011563743"
1538,"1.99096045915649311197626"
1539,"1.99096877784913828257629"
1540,"1.99097091649487190068157"
1541,"1.99098380610237235543991"
1542,"1.99098856325847339832080"
1543,"1.99098856542854107942730"
1544,"1.99099002463961483044841"
1545,"1.99100875986664860306519"
1546,"1.99101021073318573684219"
1547,"1.99101065210283945106085"
1548,"1.99101238818868786495386"
1549,"1.99101238818868964131070"
1550,"1.99101431734202671819389"
1551,"1.99102244792197247136301"
1552,"1.99102980186660349914973"
1553,"1.99102980186660616368499"
1554,"1.99102980186661238093393"
1555,"1.99103082919209128931470"
1556,"1.99103313713450358335422"
1557,"1.99103313713450891242474"
1558,"1.99103313713451779420893"
1559,"1.99103313713451957056577"
1560,"1.99103896097954002897268"
1561,"1.99104016830428065532033"
1562,"1.99104023047582678884737"
1563,"1.99104023047583478245315"
1564,"1.99105467727609930506105"
1565,"1.99105609131746685847020"
1566,"1.99105807015861113740129"
1567,"1.99105807015861202557971"
1568,"1.99106390662331200758217"
1569,"1.99106427016516107642019"
1570,"1.99106891063252966489472"
1571,"1.99108395870677856720476"
1572,"1.99108679784330000472892"
1573,"1.99108822727349066283864"
1574,"1.99109004241981546456941"
1575,"1.99109148886008213708010"
1576,"1.99111736000050232320291"
1577,"1.99111862766389347001450"
1578,"1.99112191983168518305547"
1579,"1.99112379961597008026786"
1580,"1.99112508407475186089641"
1581,"1.99113884280292019468561"
1582,"1.99113961035326347825958"
1583,"1.99117790246723558311714"
1584,"1.99119097912006459694112"
1585,"1.99119558264153440063637"
1586,"1.99120926758252636545876"
1587,"1.99120933236540409438931"
1588,"1.99121650623876567109960"
1589,"1.99122057473851654663122"
1590,"1.99122626882396236425166"
1591,"1.99124734474740883172217"
1592,"1.99124745816526704800253"
1593,"1.99124808643425366128099"
1594,"1.99125303026427169506007"
1595,"1.99125303026427413755073"
1596,"1.99125615465028182882179"
1597,"1.99126326071391668293131"
1598,"1.99127194052643385902002"
1599,"1.99127258086993252916841"
1600,"1.99127615811084712760248"
1601,"1.99128000860574871921926"
1602,"1.99128601153628093101133"
1603,"1.99128729573567153643410"
1604,"1.99128763223367499790584"
1605,"1.99128818361656545476990"
1606,"1.99129547635810677519430"
1607,"1.99129729547815514933973"
1608,"1.99129793450695391499039"
1609,"1.99129861940421548638369"
1610,"1.99130391177897791976648"
1611,"1.99130455024611130454559"
1612,"1.99130605443717101366019"
1613,"1.99131052588404866554583"
1614,"1.99131052588405133008109"
1615,"1.99131286601791934742778"
1616,"1.99131304875812720212025"
1617,"1.99131365396568682513134"
1618,"1.99131529232250237271273"
1619,"1.99132119353918835003014"
1620,"1.99132119353920433724170"
1621,"1.99132417119204507827135"
1622,"1.99132590362408290474150"
1623,"1.99133376502504333416255"
1624,"1.99133376502504599869781"
1625,"1.99133820048555465476170"
1626,"1.99133939837770412850659"
1628,"1.99134125199202394185249"
1629,"1.99134280592083090510869"
1630,"1.99134604190311748084241"
1631,"1.99135813590983801191214"
1632,"1.99135915091591897407852"
1633,"1.99135930361391833010032"
1634,"1.99136255716031218554463"
1635,"1.99136453075727448691623"
1636,"1.99136453075727715145149"
1637,"1.99136453075728159234359"
1638,"1.99136650665152536987534"
1639,"1.99136994094703467794716"
1640,"1.99138237755786917659862"
1641,"1.99138237755787894656123"
1642,"1.99138237755787983473965"
1643,"1.99141636459809312498237"
1644,"1.99141723871362152920028"
1645,"1.99143106071375264320977"
1646,"1.99145570227482693326237"
1647,"1.99146275773451453261487"
1648,"1.99147429000486519967694"
1649,"1.99148364927938992252621"
1650,"1.99149808176912834767336"
1651,"1.99150490558550785635816"
1652,"1.99150863999485006061718"
1653,"1.99151087095122236725331"
1654,"1.99152153374774165683903"
1655,"1.99152275514645982212869"
1656,"1.99153040934532743477803"
1657,"1.99153350580358434740447"
1658,"1.99153729948654856229950"
1659,"1.99154138641383826602294"
1660,"1.99154413650731410001526"
1661,"1.99154865441747919163618"
1662,"1.99155580053804293072517"
1663,"1.99155617674872686961862"
1664,"1.99156232951151235255338"
1665,"1.99156868060855529733999"
1666,"1.99157682958971093967193"
1667,"1.99158287062781447218640"
1668,"1.99161184263038304464999"
1669,"1.99161381830525208158633"
1670,"1.99161756710397774838839"
1671,"1.99163511386775304856656"
1672,"1.99164288870712002932351"
1673,"1.99164558086081378007748"
1674,"1.99165495483190824188569"
1675,"1.99165522316334797636728"
1676,"1.99165655278641295922171"
1677,"1.99165962427322007499697"
1678,"1.99165962427322273953223"
1679,"1.99166209126640358917371"
1680,"1.99166209126640447735213"
1681,"1.99167110046823570002061"
1682,"1.99167348872145666405231"
1683,"1.99168151468072451848457"
1684,"1.99168650563294802324776"
1685,"1.99169100760098061186909"
1686,"1.99170535210248189628146"
1687,"1.99171234818096465346571"
1688,"1.99171235666538315456364"
1689,"1.99171429584620085506685"
1690,"1.99179183424954420189579"
1691,"1.99179634760507262569718"
1692,"1.99180435108264219934426"
1693,"1.99184150963515360643896"
1694,"1.99185428281815912754382"
1695,"1.99185632052967509508790"
1696,"1.99186593186433125168833"
1697,"1.99186640319645569263685"
1698,"1.99190060641896948823160"
1699,"1.99191333527930813929174"
1700,"1.99195043529120585645842"
1701,"1.99196334944872077699074"
1702,"1.99198481148032868759401"
1703,"1.99202610778805766500454"
1704,"1.99205184151732517250366"
1705,"1.99207104625878184123167"
1706,"1.99209700043176241024412"
1707,"1.99210025217181563306212"
1708,"1.99210424285575626868194"
1709,"1.99212648174658468747111"
1710,"1.99212682887364334050062"
1711,"1.99212713892721371422567"
1712,"1.99213129733832250423120"
1713,"1.99213461889574272589698"
1714,"1.99214884374181178117169"
1715,"1.99215400216618299111815"
1716,"1.99215647327430112056845"
1717,"1.99215647327431710778001"
1718,"1.99220628330078586287755"
1719,"1.99221151295149834226095"
1720,"1.99222298482114901219120"
1721,"1.99223076541858645782668"
1722,"1.99225799191549768352161"
1723,"1.99226191184180656534863"
1724,"1.99228115780994841088614"
1725,"1.99228391683385197552525"
1726,"1.99228488422665872548123"
1727,"1.99232387574592628709524"
1728,"1.99233595639945804123272"
1729,"1.99233780655765779776800"
1730,"1.99238177550005701732516"
1731,"1.99239767059038674901217"
1732,"1.99240784233086731802587"
1733,"1.99242507259207712877469"
1735,"1.99242823599755602970163"
1736,"1.99243873317559661018095"
1737,"1.99243904749240030582769"
1738,"1.99244329764474947808139"
1739,"1.99244611066578070079913"
1740,"1.99244621133956822944810"
1741,"1.99245264595465432222454"
1742,"1.99246081232726912624287"
1743,"1.99246302228219018815025"
1744,"1.99247361717958515470173"
1745,"1.99247361717959314830750"
1746,"1.99247570418904995648290"
1747,"1.99247880976077507142463"
1748,"1.99247923049705466524983"
1749,"1.99248220337289527748226"
1750,"1.99248380288554027828241"
1751,"1.99248930808644164613952"
1752,"1.99250204429220989510441"
1753,"1.99250354754553082869961"
1754,"1.99250893366050974009340"
1755,"1.99251063372004022511419"
1756,"1.99255087418453058489831"
1757,"1.99256684810510531491445"
1758,"1.99257263143280294315218"
1759,"1.99258843140352226441792"
1760,"1.99258845095272452141444"
1761,"1.99258848161547330590793"
1762,"1.99260835556318660621855"
1763,"1.99261939009817545809256"
1764,"1.99261939009817812262781"
1765,"1.99262040596340739284642"
1766,"1.99263291037001799566042"
1767,"1.99263703852323104115385"
1768,"1.99265492078081862814543"
1769,"1.99265511985725041199657"
1770,"1.99267073104735015220967"
1771,"1.99267162999569835690750"
1772,"1.99269325272017816530479"
1773,"1.99270625150195002106557"
1774,"1.99272818607814716784787"
1775,"1.99273656383518460444293"
1776,"1.99274508331204458499997"
1777,"1.99275058432126250806959"
1778,"1.99275813781443655869907"
1779,"1.99276461019005868280374"
1780,"1.99276461019006045916058"
1781,"1.99276711580432053239065"
1782,"1.99280865648286642510811"
1783,"1.99283686279430671817181"
1784,"1.99283741204632214305548"
1785,"1.99283777786960047961884"
1786,"1.99288577664878463480136"
1787,"1.99289383359118410510291"
1788,"1.99290229544744867951067"
1789,"1.99293255638203703483669"
1790,"1.99293713000463545981233"
1791,"1.99294282076501261258272"
1792,"1.99295556849963695356109"
1793,"1.99295942315770013841814"
1794,"1.99296922008742960485961"
1795,"1.99297154213626903640488"
1796,"1.99298287627735426497111"
1797,"1.99299367718784381509067"
1798,"1.99300333116924566212447"
1799,"1.99302469897758349759442"
1800,"1.99302875535375179083530"
1801,"1.99304877907211785981190"
1802,"1.99305123618149471198535"
1804,"1.99305191854042274002268"
1805,"1.99306423225187945291736"
1806,"1.99308644565745307630777"
1807,"1.99309492893772777222239"
1808,"1.99311277077520365708097"
1809,"1.99312419475330226958931"
1810,"1.99316095803926751628410"
1811,"1.99320942722972471727871"
1812,"1.99323556881263930229409"
1813,"1.99329503549365227854651"
1814,"1.99331632137718450792363"
1815,"1.99335183780061342417866"
1816,"1.99336239759193389886605"
1817,"1.99337294147918697717614"
1818,"1.99338162278196051602208"
1819,"1.99340060004612418254055"
1820,"1.99341627526715181595307"
1821,"1.99348521581413296033247"
1822,"1.99353870380580922017089"
1823,"1.99360303428048935003858"
1824,"1.99363857540257338740730"
1825,"1.99369610779714356851855"
1826,"1.99369901964709317354618"
1827,"1.99378409261621714065882"
1828,"1.99380522443766317053360"
1829,"1.99383661019109048595510"
1830,"1.99384095981233988581494"
1831,"1.99387263652054347318199"
1832,"1.99387490796785371571787"
1833,"1.99388189935547410769345"
1834,"1.99388226603574469919522"
1835,"1.99388842807575628057748"
1836,"1.99391309353702261830676"
1837,"1.99393396597712468931718"
1838,"1.99399466074779407875894"
1839,"1.99405575100506404773171"
1840,"1.99406665488464551749814"
1841,"1.99406753302103201264117"
1842,"1.99410890025956000215501"
1843,"1.99411815693481564437661"
1844,"1.99416373212490549704512"
1845,"1.99420498491673026109083"
1846,"1.99421364604593609470840"
1847,"1.99422430261299332698854"
1848,"1.99427555239323917035676"
1849,"1.99430593060332395083378"
1850,"1.99432294078655125701971"
1851,"1.99433648425773402124150"
1852,"1.99438640425320556914812"
1853,"1.99442589383962642912707"
1854,"1.99448909054400780327398"
1855,"1.99450915820779162146437"
1856,"1.99450975171993416523719"
1857,"1.99451035804126330930330"
1858,"1.99451672250972222855125"
1859,"1.99464839385739001187403"
1860,"1.99468424268956301403932"
1861,"1.99480243198160511752803"
1862,"1.99487419879533778299674"
1863,"1.99497807281269179391359"
1864,"1.99504803474799263796058"
1865,"1.99508701682105371588705"
1866,"1.99509394919717975014350"
1867,"1.99518470643221634830411"
1868,"1.99522678077680915009751"
1869,"1.99530573396172972167051"
1870,"1.99532919701676458856809"
1871,"1.99534500317570273608681"
1872,"1.99534515265532519379121"
1873,"1.99543287835861615775457"
1874,"1.99550517416844219731331"
1875,"1.99550742061538777250007"
1876,"1.99556535777248633678482"
1877,"1.99556976814913045181754"
1878,"1.99566396032719683972800"
1879,"1.99569054924139344109335"
1880,"1.99596129526664967102079"
1881,"1.99604583726029272128244"
1882,"1.99605503844192710971583"
1883,"1.99614764121058740897752"
1884,"1.99621315310365599060560"
1885,"1.99621750278766540986908"
1886,"1.99631172882662966117095"
1887,"1.99634818172893258036993"
1888,"1.99639474534297178820452"
1889,"1.99647246348860107900691"
1890,"1.99648121575050563336617"
1891,"1.99648768727484027252217"
1892,"1.99654591037511774942459"
1893,"1.99656720374845164656108"
1894,"1.99690139152092172025732"
1895,"1.99704565573050274451816"
1896,"1.99712773299228718570930"
1897,"1.99712924993636775639061"
1898,"1.99719432601538127158847"
1900,"1.99723493889493397546175"
1901,"1.99734544854774931366137"
1902,"1.99742576645967417903194"
1903,"1.99746983995306681691773"
1904,"1.99748845842581523868375"
1905,"1.99764996108171821731503"
1906,"1.99771921544981623242165"
1907,"1.99777816050805845371485"
1908,"1.99780867798924433031971"
1909,"1.99783293673430506487421"
1910,"1.99791110104580837969479"
1911,"1.99795780690939128731998"
1912,"1.99799537297579909989054"
1913,"1.99818451481971770533619"
1914,"1.99823053851905996225469"
1915,"1.99823739666283195504093"
1918,"1.99849704310622744429793"
1919,"1.99855641930533778349854"
1920,"1.99860384615765429572320"
1921,"1.99866690194173735051208"
1922,"1.99876703744806150098157"
1923,"1.99888493516032017538464"
1924,"1.99894223656522207477337"
1925,"1.99937502869154659634887"
1926,"1.99945227714638562588334"
1928,"1.99996911438250579706732"
1929,"2.00028452123418176711311"
1930,"2.00045251585108996295048"
1931,"2.00052522867983917365109"
1932,"2.00071884554580847748184"
1933,"2.00107027094955380874808"
1934,"2.00119294200807917860629"
1935,"2.00200060215713282474326"
1936,"2.00202535083777277691297"
1937,"2.00204517793907132983122"
1938,"2.00206238378905698738208"
1939,"2.00234590870203010837258"
1940,"2.00244582322074737845696"
1941,"2.00260884849181364231185"
1942,"2.00266520899428712709778"
1943,"2.00267129751643935264838"
1944,"2.00293953865331975094932"
1945,"2.00297961496763843314284"
1946,"2.00326174702129033988740"
1947,"2.00332984534420255329223"
1948,"2.00350654244956949412426"
1949,"2.00371966733355932888117"
1950,"2.00405018426070391512894"
1951,"2.00428170668206639959408"
1952,"2.00445094269426959954217"
1953,"2.00449144010898461232273"
1954,"2.00459109694645043475703"
1955,"2.00498650626934171725679"
1956,"2.00524662137795495198134"
1957,"2.00548565851920557179255"
1958,"2.00568676765825237851004"
1959,"2.00621325880833545340920"
1960,"2.00635363046455017510539"
1961,"2.00652040230569816969819"
1962,"2.00709378683318373504108"
1963,"2.00732820775550369063467"
1964,"2.00744914366147053641498"
1965,"2.00776829147944368969547"
1966,"2.00785699279144314033374"
1967,"2.00803416181153870923026"
1968,"2.00806479616936606191757"
1970,"2.00864799651231074051339"
1972,"2.00920123405387762716146"
1973,"2.00972398833928700412343"
1974,"2.00974815801392026060057"
1975,"2.01004484998288468489136"
1976,"2.01108639134722988472959"
1977,"2.01115542773930222608669"
1978,"2.01137378118627108136707"
1979,"2.01187432920538578073888"
1980,"2.01309415917557110731195"
1982,"2.01335132468695565677308"
1985,"2.01364446680473996309502"
1987,"2.01368715713736357031394"
1988,"2.01534884140626591175760"
1989,"2.01594785968258349839743"
1990,"2.01596965587964938038112"
1991,"2.01602575286850882463341"
1992,"2.01611464166977505385603"
1993,"2.01643392544260402488021"
1994,"2.01675292549581808287940"
1995,"2.01713070890733359163960"
1997,"2.01816662424653925356210"
1998,"2.01830474108667523580607"
1999,"2.01979551578935012656757"
2000,"2.02341260538318223893839"
2001,"2.02345668474641904310829"
2002,"2.02609109296659806176422"
2003,"2.02672588069457759729630"
2004,"2.02729483830825163437339"
2005,"2.02950708142299207636938"
2006,"2.02952783858736651723120"
2007,"2.02983038989699915433107"
2009,"2.03176180631989744540533"
2010,"2.03238039280274795927994"
2011,"2.03388669412505862510443"
2012,"2.04323801876748945005602"
2013,"2.04416310891174379804625"
2014,"2.04623458973092020585227"
2015,"2.04800584698580045994731"
2016,"2.04872691562664233089208"
2017,"2.04940794711227614044446"
2018,"2.05308608390483016137296"
2019,"2.07796906614071819063838"
2020,"2.08227013136035088436415"
2021,"2.96899361556639007631020"
2022,"2.96923703558825202719618"
2023,"2.96942802118277171530281"
2024,"2.96956232653181118052998"
2025,"2.96957962727712931894075"
2026,"2.96961867245214428123745"
2027,"2.96969292170474252756662"
2028,"2.96971772495822783355379"
2029,"2.96985540944726000844867"
2030,"2.96988966604539106342031"
2031,"2.96990605774513527492786"
2032,"2.96998314708683963658586"
2033,"2.96998792711776626873643"
2034,"2.97003426785341773097571"
2035,"2.97007284068271992794052"
2036,"2.97010707297500919921163"
2037,"2.97010884699531718666776"
2038,"2.97013160490986161121896"
2039,"2.97050924858780884818543"
2040,"2.97055364196893734174409"
2041,"2.97062323309653031344624"
2042,"2.97062343685845986485106"
2043,"2.97065389793430778553329"
2044,"2.97092319544087724025871"
2045,"2.97099719956869368076013"
2046,"2.97104572061099769797465"
2047,"2.97104725491182541929902"
2048,"2.97108459535137026108487"
2049,"2.97110494856439810718030"
2050,"2.97113552819756154832476"
2051,"2.97115094121304323948607"
2052,"2.97117150101523375127499"
2053,"2.97117862611265159955565"
2054,"2.97143595903510071565279"
2055,"2.97151651302160413337106"
2056,"2.97152389579322395718464"
2057,"2.97153860896646815348277"
2058,"2.97155109295203612163050"
2059,"2.97155110024128799040000"
2060,"2.97171872923271340738438"
2061,"2.97187094283117669846206"
2062,"2.97286135627341518983258"
2063,"2.97294830831879774990512"
2064,"2.97299777577877399892259"
2065,"2.97357945747964347305015"
2066,"2.97383115679926302021840"
2067,"2.97395163135150752964364"
2068,"2.97397746367288373647852"
2069,"2.97412627809999552397358"
2070,"2.97443389845259309467451"
2071,"2.97479131612736136247577"
2072,"2.97481758379420480054023"
2073,"2.97496832771884633928039"
2074,"2.97515682416608440163941"
2075,"2.97518292817247997916752"
2076,"2.97522031577238443844635"
2077,"2.97538596053527104601244"
2078,"2.97542182555272294308679"
2079,"2.97543375383324804062113"
2080,"2.97574948815678208546842"
2081,"2.97576434658009247868904"
2082,"2.97603798217471737785900"
2083,"2.97611364117090726466586"
2084,"2.97617730639703648165550"
2085,"2.97647174642858525217548"
2086,"2.97749585431691254910902"
2087,"2.97785239765126386046745"
2088,"2.97819523872393165930816"
2089,"2.98058513427817928231889"
2090,"2.98062481314845584279283"
2091,"2.98069863190159578536509"
2092,"2.98075362278280664440899"
2093,"2.98077617975934927585513"
2094,"2.98077936913676477814761"
2095,"2.98078262976162111641543"
2096,"2.98079942959806754032570"
2097,"2.98079942959807642210990"
2098,"2.98080209651550998017910"
2099,"2.98084067512271477795593"
2100,"2.98085085738833388546709"
2101,"2.98088676937328767024837"
2102,"2.98093705358538763050547"
2103,"2.98094412973015199241900"
2104,"2.98096232002113481485139"
2105,"2.98099799450661784305794"
2106,"2.98102286639007241220156"
2107,"2.98105663000610743296193"
2108,"2.98107795854563306647833"
2109,"2.98111548655639246874216"
2110,"2.98113040029715481438188"
2112,"2.98117361351155096826915"
2113,"2.98121038253116488192518"
2114,"2.98123512979390614674458"
2115,"2.98123765793940220802938"
2116,"2.98141042845821591100730"
2117,"2.98143492056228609499158"
2118,"2.98144671154194540463322"
2120,"2.98155122865329769155096"
2121,"2.98178916873554733513174"
2122,"2.98183709442986266680009"
2123,"2.98185838922266643891135"
2124,"2.98186516854131600240407"
2125,"2.98189539569983086408911"
2126,"2.98189718431138572896089"
2127,"2.98191517959282936800491"
2128,"2.98202138305469155454830"
2129,"2.98203582640554731852944"
2130,"2.98224105844018350097713"
2131,"2.98224876948717509961284"
2132,"2.98225532954572081223432"
2133,"2.98248466619836083424389"
2134,"2.98248808206425586320165"
2135,"2.98253265044428106378405"
2136,"2.98255263601686859686879"
2139,"2.98272032888008364892585"
2140,"2.98276219291234268027324"
2141,"2.98326798008600446721061"
2142,"2.98352019295384440766838"
2144,"2.98355631294771228567697"
2148,"2.98370356818473370097422"
2149,"2.98381351407206185655241"
2153,"2.98410540334467988543565"
2154,"2.98436138542151940811209"
2155,"2.98448363852748599356346"
2156,"2.98484252932960458792877"
2157,"2.98575502662248215557383"
2158,"2.98587034795421946142824"
2159,"2.98613522614393200882432"
2160,"2.98625859765574297455260"
2161,"2.98634135337825767919639"
2162,"2.98638048267919753442357"
2163,"2.98645995855432744292557"
2164,"2.98658444305767822868347"
2165,"2.98712322402710928059832"
2166,"2.98712972852263547451912"
2167,"2.98716338153178373460150"
2168,"2.98718131815891529967644"
2169,"2.98724495210541141076988"
2170,"2.98724495210541407530513"
2171,"2.98724495210541673984039"
2172,"2.98724537730354366971142"
2173,"2.98727543779091408993054"
2174,"2.98728289780187861168770"
2175,"2.98732026534120986838161"
2176,"2.98732757136559357036276"
2177,"2.98743389472537757001191"
2178,"2.98752278163665518917469"
2179,"2.98755074300984979629447"
2180,"2.98755790245547458994224"
2181,"2.98756071128587397112142"
2182,"2.98758056653021331072750"
2184,"2.98759027107874519657571"
2185,"2.98759174632115964698187"
2186,"2.98759727570814925812215"
2187,"2.98762447937150277255114"
2188,"2.98763160667411575843744"
2189,"2.98763929983306120163888"
2190,"2.98765511007208584004502"
2191,"2.98766178727843634277406"
2192,"2.98766425582607553224079"
2193,"2.98766846201748137445975"
2194,"2.98766846201748936806553"
2196,"2.98768854947972251068222"
2197,"2.98769290781829610637033"
2198,"2.98769945599148867287909"
2199,"2.98770211168644106436432"
2200,"2.98770359927171735847651"
2201,"2.98772316342007115963497"
2202,"2.98772990224299039851985"
2203,"2.98773046360422744882612"
2204,"2.98774587805337743517953"
2205,"2.98774824575150343974883"
2206,"2.98776113170789781037229"
2207,"2.98776769762051674916847"
2208,"2.98776840736130289144512"
2209,"2.98776840736130644415880"
2212,"2.98779845375609554025687"
2213,"2.98780633557852404180721"
2214,"2.98783955213237861769926"
2216,"2.98784963054892216405278"
2217,"2.98793642027163297569814"
2218,"2.98794193604189040058827"
2219,"2.98800663387092946265966"
2220,"2.98802589020330344737886"
2221,"2.98804368288681310161792"
2222,"2.98806445701810297066459"
2223,"2.98808362261586868413588"
2224,"2.98810919032502209091717"
2225,"2.98813987090784660693998"
2226,"2.98815195879235684373043"
2227,"2.98815828305265407394131"
2228,"2.98817856898233458196046"
2229,"2.98818572682149774522031"
2230,"2.98818852559677239355551"
2231,"2.98818985939873371648901"
2233,"2.98819597558168403850232"
2234,"2.98822976788461680541786"
2235,"2.98822984887101172901680"
2237,"2.98824742651349950506301"
2239,"2.98825311217926259388378"
2240,"2.98844713771502323851337"
2241,"2.98855014084070269575477"
2242,"2.98855312358595970323449"
2243,"2.98856859456669621266656"
2245,"2.98861863083233814109008"
2246,"2.98866054865012831243121"
2247,"2.98882486098307520450135"
2248,"2.98883114859962795151205"
2249,"2.98886745906985229481734"
2250,"2.98887512978184055612019"
2251,"2.98896581861726762241460"
2252,"2.98899542026110687231721"
2253,"2.98903613822325109339317"
2254,"2.98914870424729350872894"
2255,"2.98916914294208968527755"
2256,"2.98918909881847572052038"
2257,"2.98926942712444709826514"
2258,"2.98937790432967753773141"
2259,"2.98942871532639742326865"
2260,"2.98943602090738025367500"
2261,"2.98947994893462620780156"
2262,"2.98948969279250498232159"
2263,"2.98959558661751767516535"
2264,"2.98960787429490615352279"
2265,"2.98967850257354417209399"
2266,"2.98967957754625945909766"
2267,"2.98973184396056002043451"
2268,"2.98975103618399629112901"
2269,"2.98975484681091252525675"
2270,"2.98976747068771953053101"
2271,"2.98978463252975146247081"
2272,"2.98984307028868023792256"
2273,"2.98984361233472073493544"
2274,"2.98986890673325778067237"
2275,"2.98999470793759858366911"
2276,"2.99005110253973693801299"
2277,"2.99005529630951105701797"
2278,"2.99007979902606368938223"
2279,"2.99010212235886463361112"
2280,"2.99012700699507361079554"
2281,"2.99018890881897547728840"
2282,"2.99019686430334363791417"
2283,"2.99032603081251036059030"
2284,"2.99041705244531019758369"
2285,"2.99043695965112554802090"
2286,"2.99044544197813966235344"
2288,"2.99045993506994722821446"
2290,"2.99053909967417297366410"
2291,"2.99058990939684132825960"
2293,"2.99064898235124587699829"
2294,"2.99065234310672067863379"
2295,"2.99068699250007519196970"
2296,"2.99077274897650724483356"
2297,"2.99083970099922336061127"
2298,"2.99084521616727982973316"
2299,"2.99088450987470810815694"
2301,"2.99090191973900365596251"
2307,"2.99092810117713359119307"
2308,"2.99105284500168089323324"
2309,"2.99117651052877420170262"
2310,"2.99134643086104912157452"
2311,"2.99143670024012386932100"
2312,"2.99150317213434036034414"
2313,"2.99157538794306532281553"
2314,"2.99163167170624699764403"
2315,"2.99172482552451945991834"
2316,"2.99179575977539879971800"
2317,"2.99181255843792825999117"
2319,"2.99184584695991251379610"
2321,"2.99184593498082262996718"
2326,"2.99191410353753450834802"
2328,"2.99195310947430481718357"
2329,"2.99195908140528299412608"
2330,"2.99200954068291480325570"
2332,"2.99204630851409891789672"
2333,"2.99208109713902636883631"
2334,"2.99220760405451979835334"
2335,"2.99233163976644167547647"
2336,"2.99245840063903667527256"
2337,"2.99246066480319772296070"
2338,"2.99270497385044809135479"
2344,"2.99272397528515199383037"
2347,"2.99293587592418042220288"
2348,"2.99297460059652609132286"
2350,"2.99305497808693399264257"
2351,"2.99308718600349266125704"
2352,"2.99312281610752961569233"
2353,"2.99312514703282328554224"
2354,"2.99314780602476382398436"
2355,"2.99317116744989508703156"
2358,"2.99329362605080540049585"
2360,"2.99336648996348397844258"
2362,"2.99357425435545465575160"
2363,"2.99382796394855965615989"
2365,"2.99393512830896213472442"
2366,"2.99406904684381558467976"
2368,"2.99415263889894855964258"
2369,"2.99449855314688928586975"
2370,"2.99464154564938045410827"
2371,"2.99504985487029529167557"
2373,"2.99507211378107918164915"
2376,"2.99514650234793400329636"
2379,"2.99515710848063854143675"
2380,"2.99567926872018741590864"
2381,"2.99582344726479510299555"
2382,"2.99585848782343600049671"
2385,"2.99605552403053332355398"
2386,"2.99660307882476217855583"
2388,"2.99703038696953338870799"
2389,"2.99706667891926681335235"
2390,"2.99709867105609539805755"
2391,"2.99733668440324763082572"
2392,"2.99752756860424263152254"
2393,"2.99789151622138394515105"
2394,"2.99803310997623739808660"
2395,"2.99927322707733212681092"
2396,"2.99971919369245654252154"
2397,"2.99989453416719520362221"
2398,"3.00000953130514913524962"
2399,"3.00009559020833016518282"
2400,"3.00021081013845858365130"
2401,"3.00172190852664400040339"
2402,"3.00181994388667572337681"
2404,"3.00182653337798743820031"
2405,"3.00217621642457732633602"
2406,"3.00250071465726264818841"
2407,"3.00445382285186557425050"
2410,"3.00457108220175594937018"
2414,"3.00457169047015737461948"
2415,"3.00467719692244461526798"
2417,"3.00470454116380647491269"
2418,"3.00508705048069035825620"
2419,"3.00512620116759610056079"
2420,"3.00516262105325893116969"
2422,"3.00536071185160125196489"
2423,"3.00597073676995485413954"
2424,"3.00688514535687989592816"
2425,"3.00689182382179076569173"
2426,"3.00741494071586323855172"
2427,"3.00841482303839535816792"
2428,"3.00842313122003801595383"
2430,"3.00920279264026824250777"
2431,"3.00923576424528871342545"
2432,"3.00974795014756324462724"
2433,"3.01385533366690427925505"
2434,"3.01431021472993165843945"
2435,"3.01451575251839276603505"
2436,"3.01507343291639973159590"
2437,"3.01788179334860817704111"
2438,"3.01840140469389339727968"
2439,"3.01884521879998590776495"
2441,"3.02177954740596010907439"
2442,"3.02293665286733581609724"
2443,"3.02448084684512519260124"
2444,"3.02467325084355120878854"
2445,"3.02662643001190945213352"
2446,"3.02715649987080404059725"
2447,"3.02885585351525055131106"
2448,"3.02948427300515810145498"
2449,"3.03089370571299898671214"
2450,"3.03389428720379505932669"
2451,"3.03392970628963620782770"
2452,"3.03675092277852431976726"
2453,"3.03732537984057682223238"
2454,"3.04483560223477045525442"
2455,"3.04549936728541492669819"
2456,"3.04583876561908351021657"
2457,"3.04632490401327693518851"
2458,"3.05618347904045872809320"
2459,"3.05869004805909572297651"
2460,"3.95910041611086072066428"
2461,"3.95967396529622206458043"
2462,"3.95983516946774116718188"
2463,"3.95993428882974374261039"
2464,"3.96006559047079864654961"
2465,"3.96014792836903328776543"
2466,"3.96029169804058600590224"
2467,"3.96030802152617988909356"
2468,"3.96045730647298555027191"
2469,"3.96067018625218114635800"
2470,"3.96073692909607055767651"
2471,"3.96075763126322133445001"
2473,"3.96079810747466432019337"
2474,"3.96086361204997583485010"
2475,"3.96087102835813054113601"
2476,"3.96103893174410792710205"
2477,"3.96119043594786290896081"
2478,"3.96179905273946442179067"
2479,"3.96271276526681326402013"
2480,"3.96284829082591372184652"
2481,"3.96296206702357078910381"
2482,"3.96354850172615424952482"
2483,"3.96357574750883134839796"
2485,"3.96472993437924614568146"
2486,"3.96533944233609947360719"
2487,"3.96569647219333498711080"
2488,"3.96601397350680873188367"
2489,"3.96635246870599722512907"
2490,"3.96642868754169519718289"
2491,"3.96643525190945744895998"
2492,"3.96643725710018557606418"
2493,"3.97057110825271042386930"
2494,"3.97080664415654638332853"
2495,"3.97139386967670482420090"
2496,"3.97154794652313292147028"
2497,"3.97167827506346249322178"
2498,"3.97198020576515098412074"
2499,"3.97501379433401247354141"
2500,"3.97692214589274950498066"
2501,"3.97692990702758430998642"
2502,"3.97706473660822812377091"
2503,"3.97722182049937611481027"
2504,"3.97745074814638410742873"
2505,"3.97753981319557503582018"
2506,"3.97759075008321349997686"
2509,"3.97790504542928591291684"
2511,"3.97795731368023020024793"
2514,"3.97831369088439235071064"
2516,"3.97835901021877447192310"
2517,"3.97840623507335244823935"
2518,"3.97870059955261812234539"
2519,"3.97902038261638235638884"
2520,"3.97921227546833744526111"
2521,"3.97946389743517059400801"
2526,"3.97973050919934667746247"
2528,"3.97977477047476080329602"
2529,"3.98068823471720634188387"
2530,"3.98151656676567400339195"
2532,"3.98182305175854178713735"
2533,"3.98194874462568071393775"
2534,"3.98229716221413143628638"
2535,"3.98254930955967267891538"
2536,"3.98275210923639999549550"
2537,"3.98286008385391099295703"
2538,"3.98290813545240141024806"
2539,"3.98293494730556307814595"
2540,"3.98324178232292247514579"
2541,"3.98354188491228367041685"
2542,"3.98395571985719509910950"
2543,"3.98407768151841157333592"
2545,"3.98417863550933759597683"
2547,"3.98442430003179559605542"
2549,"3.98446540453937192438616"
2552,"3.98447051794460627149874"
2553,"3.98448689290833879539377"
2555,"3.98452364211086784706595"
2556,"3.98453726986607836835219"
2557,"3.98455982602350999854934"
2558,"3.98456861578424792469377"
2559,"3.98470329536526080005387"
2560,"3.98488319119214295938036"
2561,"3.98489155481078682896623"
2562,"3.98495764324995782601491"
2563,"3.98499794483007629963822"
2564,"3.98500622021568151609472"
2565,"3.98501796287487497494340"
2567,"3.98508188427868770276064"
2568,"3.98513467087459094528867"
2570,"3.98516009218448186146588"
2571,"3.98517574683380448874459"
2572,"3.98525178757005749119458"
2573,"3.98542153280409294779929"
2574,"3.98545633821172362587504"
2577,"3.98547050486532228319447"
2578,"3.98561262617637357408285"
2579,"3.98563642722267275075865"
2580,"3.98569838284096089608965"
2581,"3.98577631524010955743620"
2582,"3.98582202028972565344134"
2583,"3.98589890901361521002855"
2584,"3.98620550212891888719469"
2585,"3.98630241917548566732421"
2586,"3.98683612471147519329406"
2587,"3.98710095896217975308673"
2588,"3.98715152745293277547489"
2590,"3.98735391876385669718275"
2591,"3.98745774876099634553839"
2592,"3.98757662888436570369777"
2594,"3.98770152615845763222069"
2595,"3.98782192408553992635234"
2596,"3.98782837645954879590704"
2598,"3.98786781731792228100630"
2599,"3.98817579092696838927168"
2600,"3.98829505793811822655925"
2602,"3.98830829402719544418687"
2603,"3.98892464195431895035426"
2604,"3.98900134299829112194402"
2605,"3.98956857137584464112479"
2606,"3.98982683377263214197228"
2607,"3.99007745896797239026910"
2608,"3.99014715224638649715416"
2609,"3.99017919862526060370556"
2610,"3.99027825617921561018875"
2611,"3.99031549277439179235216"
2612,"3.99032152718430133120364"
2613,"3.99041180415395402292233"
2614,"3.99063125536361207323921"
2615,"3.99092064763583564968030"
2616,"3.99120464196302648929304"
2617,"3.99136044133534895195226"
2618,"3.99145173254077967328612"
2619,"3.99170742162050018464470"
2620,"3.99183818514790056397601"
2621,"3.99217098662232583450304"
2623,"3.99244061816979334267330"
2624,"3.99272976951946123591597"
2625,"3.99286123066150366867078"
2626,"3.99288579511956864820377"
2627,"3.99316480621144531681921"
2628,"3.99354645196486579550310"
2629,"3.99365874819902977321817"
2630,"3.99390981110123721720129"
2631,"3.99435645438162767462131"
2632,"3.99444341447459461136305"
2633,"3.99462168288270280669394"
2634,"3.99482442631159351265069"
2635,"3.99490007682154191215318"
2636,"3.99498970434246380989407"
2637,"3.99533756238921444747803"
2638,"3.99575075689841918702427"
2639,"3.99579305638887749552168"
2640,"3.99581955842448532933986"
2641,"3.99602057311252067961505"
2642,"3.99642661730835513367310"
2643,"3.99649808916972926198241"
2644,"3.99701797076481479820131"
2645,"3.99717926250308863700411"
2646,"3.99727117648986229880848"
2647,"3.99924641563237148744747"
2648,"3.99928949204719597076974"
2649,"3.99964959099125350050485"
2650,"3.99992543812930012592233"
2651,"4.00001778118526463146054"
2652,"4.00103188598401260378523"
2653,"4.00154881737789214213308"
2654,"4.00163696604353003039023"
2655,"4.00356622644713588954346"
2656,"4.00496182890818186450588"
2657,"4.00507101037097346107885"
2658,"4.00532383944112879703425"
2659,"4.00756090741548920419746"
2660,"4.00824701967762653254113"
2661,"4.00858443387398200030702"
2662,"4.00925484907358242736564"
2663,"4.00996634039212818123588"
2664,"4.01124814459821443790588"
2665,"4.01196771653406081270532"
2666,"4.01238702180678696862515"
2667,"4.01266983171166113919526"
2668,"4.01282908757715528480503"
2669,"4.01350046966988482921579"
2670,"4.01535676800974083988649"
2671,"4.01701699224075881033968"
2672,"4.01741299405385898779741"
2674,"4.01890282431483836234065"
2676,"4.02300211503104954147148"
2677,"4.02543407052636403875567"
2678,"4.03348742395066661714509"
2680,"4.04285944019558129980396"
2681,"4.04345781613880550509066"
2682,"4.04406945871579814877350"
2685,"4.04538226607784690003200"
2689,"4.04820001016561814566330"
2698,"4.05168758933941930422407"
2700,"4.05924319623443441429345"
2701,"4.06349013529935021438178"
2704,"4.06564655210061420831380"
2708,"4.06656213785196118948306"
2711,"4.12044654611667482413395"
2713,"4.16220517583404081563003"
2714,"4.95043217772519650310414"
2719,"4.95413636476614271941799"
2720,"4.95427673157736503384285"
2721,"4.95480878795965473671004"
2722,"4.96235182930509299836785"
2725,"4.96401517304626782589594"
2726,"4.96402524581156789906800"
2728,"4.96489386322796910633315"
2729,"4.96720988386230288824663"
2733,"4.96782861780179807453806"
2734,"4.97312193542434854975909"
2737,"4.97375627198724412636466"
2740,"4.97383922300308078945363"
2741,"4.97413719961553546511368"
2742,"4.97428155363855406534412"
2743,"4.97488901986437515034822"
2744,"4.97524079180094247476518"
2745,"4.97533890817428847697101"
2746,"4.97557520742130776625345"
2747,"4.97739738919707352948762"
2748,"4.97796178216065232646770"
2749,"4.97835365247827965617944"
2750,"4.97859456333521066540015"
2751,"4.97928833874020160266127"
2753,"4.97952966172834265989877"
2754,"4.97991476277799094418697"
2755,"4.97997542111807511844290"
2756,"4.98013612648207093513975"
2757,"4.98065839191878190206353"
2759,"4.98117548201101545402025"
2764,"4.98168869837540473355375"
2766,"4.98243805220176483317118"
2771,"4.98249307976876298909019"
2773,"4.98263251025678055583512"
2775,"4.98399440475046784371216"
2776,"4.98414539590713445704750"
2777,"4.98486634182526699987648"
2779,"4.98498673932024427557508"
2781,"4.98544189810802418350022"
2783,"4.98549163971111930493407"
2784,"4.98559745148548305593295"
2785,"4.98591673373597021878822"
2786,"4.98609785082322343185979"
2787,"4.98639563228868976096919"
2788,"4.98664160205894901878310"
2789,"4.98703980500380428253493"
2790,"4.98748782442651350521601"
2791,"4.98763589661896045157619"
2793,"4.98768818491947030224765"
2794,"4.98821307069628439023745"
2795,"4.98826879745540274768700"
2796,"4.98877448872706441562741"
2797,"4.98883701486312780559729"
2798,"4.99062282931468903512950"
2799,"4.99130794937729760363254"
2800,"4.99232033975283329141348"
2801,"4.99469754701162838017581"
2802,"4.99607220481517355636925"
2803,"4.99679729115798476613008"
2804,"4.99681674235233863612393"
2805,"4.99717914043270283741549"
2806,"4.99843499650191613881134"
2807,"5.00084579521730265838642"
2808,"5.00219125732917646587339"
2810,"5.00259029333579086085138"
2811,"5.00309649186589044944640"
2812,"5.00315047419166170072913"
2813,"5.00534489556695039169654"
2814,"5.00627584517632140403975"
2815,"5.00655514126321943280118"
2816,"5.00958389145144522558439"
2817,"5.00989486628210034524500"
2819,"5.02041717075806381842540"
2820,"5.02469006002086615580993"
2821,"5.02585284861660586130938"
2824,"5.02587007780093131259491"
2825,"5.04429210913182934916676"
2826,"5.06593703219571622753392"
2827,"5.06708832003099729490714"
2828,"5.07466735187976780707686"
2829,"5.07575953053294437467002"
2830,"5.08160812710190601393379"
2831,"5.08903582757764638699882"
2834,"5.08919924115885269344517"
2835,"5.09386822301648667377094"
2836,"5.11540269384791823625847"
2837,"5.12765767685836149070155"
2838,"5.13416968943430163108133"
2839,"5.94022121382615786444603"
2840,"5.94098208083006618096533"
2841,"5.94381212701844230394954"
2842,"5.94670749421869171413846"
2843,"5.94871976813513736459527"
2844,"5.95584842959381965954435"
2845,"5.95670306008032213185288"
2846,"5.95873952653118177380520"
2847,"5.96462676279631409670401"
2848,"5.96482314764721532895919"
2849,"5.96537243340059752938487"
2850,"5.96689754564787389057301"
2851,"5.96818353018644209839749"
2852,"5.97170568037291715768333"
2854,"5.97177748451773293680844"
2855,"5.97280854420561180262439"
2856,"5.97598861633785904956540"
2858,"5.98047867985118131173294"
2859,"5.98147448832944217400609"
2861,"5.98255674923028024636551"
2864,"5.98279203784027480139684"
2865,"5.98492357913870343111284"
2866,"5.98513382608263810880089"
2867,"5.98696283770029857862482"
2868,"5.98804615108517612753758"
2869,"5.98839078515802647473265"
2870,"5.98860992958754678738842"
2872,"5.98868954932840580340780"
2873,"5.99098734451930603484016"
2875,"5.99267573178751611351345"
2876,"5.99381412480592512537214"
2878,"5.99482318092138655174494"
2879,"5.99601109825744327253005"
2880,"6.00135476891944996680195"
2885,"6.00846849437087282552739"
2887,"6.01282980491515051113538"
2895,"6.01355566350513992546212"
2907,"6.01375963759230192096084"
2926,"6.01905406574879542347389"
2927,"6.04550726548354866451973"
2928,"6.16090386076531082437668"
2929,"6.19099349301532431155692"
2959,"6.93608452733269853496267"
2960,"6.94233788658009309813224"
2961,"6.95866855195998024186110"
2962,"6.96141525321508058965492"
2964,"6.96741658670696661914690"
2968,"6.97024951917592971994964"
3019,"6.97636529508086233875019"
3022,"6.97662185075095209185747"
3023,"6.97695100937435697119327"
3024,"6.97772887009574471761653"
3025,"6.97981291145766746808476"
3027,"6.98106827439615162944619"
3028,"6.98444020135605025956238"
3128,"6.98676244913582866757906"
3129,"6.98886085165019022014121"
3136,"6.98913227165552530806281"
3137,"6.99553096973666388436186"
3138,"6.99691213525175026433089"
3210,"7.01259380511530228119454"
3211,"7.02049157161434145280055"
3213,"7.02300902676059202178749"
3221,"7.02803052337691891437998"
3223,"7.03217983389690992623855"
3224,"7.03486430084475067303629"
3226,"7.03496051916189379937805"
3227,"7.16262088841940425254506"
3228,"7.17238226321205907254352"
3229,"7.94182544140149282441143"
3246,"7.95987667109478280735857"
3248,"7.96326966223111831766346"
3421,"7.96748436720622255080571"
3424,"7.97026595219441524875492"
3429,"7.97242576327206364794620"
3431,"7.99490438588162177779850"
3432,"7.99931491482786238833569"
3433,"8.00474187478905818693420"
3434,"8.00506744318579599450914"
3436,"8.00849162842322925826011"
3500,"8.00878679396391035538727"
3501,"8.01646219904902679331826"
3636,"8.03218209369315161438863"
3639,"8.04737199869415320563348"
3645,"8.06297979305110601444539"
3648,"8.07412233230949993867398"
3651,"8.92284752307010720073777"
3663,"8.97923550677789350515923"
3671,"9.01425789253172737858222"
3672,"9.02801157609129489856059"
3673,"9.06056585499360522817369"
3674,"9.10826261966030159555885"
3675,"10.14004456058663805606557"
3676,"11.00141409764682798311242"
3678,"11.00884130298654994817298"
3688,"11.02044359973770326632803"
3689,"11.04459522505143631576630"
3690,"11.10674108359139999890886"
3691,"12.07622254679844076008521"
3692,"12.07796069224276891418413"
3693,"13.06367626993421993120137"
3694,"14.10617087091095100959137"
